date,continent,actual,forecast,ets_model,arima_model,model_type,error,abs_error,pct_error
2000-01-01,South America,91318.0,84817.59304360196,"ETS(M,N,M)","(2, 1, 0, 0, 1, 0, 0)",HYBRID,6500.406956398045,6500.406956398045,7.118428958582148
2000-02-01,South America,80424.0,86254.64913567621,"ETS(M,N,M)","(2, 1, 0, 0, 1, 0, 0)",HYBRID,-5830.649135676213,5830.649135676213,-7.249887018397757
2000-03-01,South America,75716.0,77186.83571795512,"ETS(M,N,M)","(2, 1, 0, 0, 1, 0, 0)",HYBRID,-1470.835717955124,1470.835717955124,-1.9425692296940196
2000-04-01,South America,62957.0,56660.47523600206,"ETS(M,N,M)","(2, 1, 0, 0, 1, 0, 0)",HYBRID,6296.5247639979425,6296.5247639979425,10.001310043359663
2000-05-01,South America,53855.0,48886.26196537823,"ETS(M,N,M)","(2, 1, 0, 0, 1, 0, 0)",HYBRID,4968.738034621769,4968.738034621769,9.226140626908865
2000-06-01,South America,52278.0,63517.25374133,"ETS(M,N,M)","(2, 1, 0, 0, 1, 0, 0)",HYBRID,-11239.253741330002,11239.253741330002,-21.499012474329547
2000-07-01,South America,67061.0,60984.59170829189,"ETS(M,N,M)","(2, 1, 0, 0, 1, 0, 0)",HYBRID,6076.4082917081105,6076.4082917081105,9.061016524817868
2000-08-01,South America,64874.0,62713.5844367793,"ETS(M,N,M)","(2, 1, 0, 0, 1, 0, 0)",HYBRID,2160.4155632206966,2160.4155632206966,3.33017166078968
2000-09-01,South America,59626.0,54237.96799370942,"ETS(M,N,M)","(2, 1, 0, 0, 1, 0, 0)",HYBRID,5388.032006290581,5388.032006290581,9.036380113189853
2000-10-01,South America,66774.0,62631.88007684775,"ETS(M,N,M)","(2, 1, 0, 0, 1, 0, 0)",HYBRID,4142.119923152248,4142.119923152248,6.203192744409872
2000-11-01,South America,68772.0,66856.2139987457,"ETS(M,N,M)","(2, 1, 0, 0, 1, 0, 0)",HYBRID,1915.7860012542951,1915.7860012542951,2.7857063939601803
2000-12-01,South America,68817.0,84862.11434979628,"ETS(M,N,M)","(2, 1, 0, 0, 1, 0, 0)",HYBRID,-16045.114349796277,16045.114349796277,-23.315626007812426
2001-01-01,South America,114615.0,83267.76217727848,"ETS(M,N,M)","(2, 1, 0, 0, 1, 0, 0)",HYBRID,31347.237822721523,31347.237822721523,27.350030818585285
2001-02-01,South America,107891.0,97569.70912658049,"ETS(M,N,M)","(2, 1, 0, 0, 1, 0, 0)",HYBRID,10321.290873419508,10321.290873419508,9.566405792345522
2001-03-01,South America,100995.0,89892.54910492983,"ETS(M,N,M)","(2, 1, 0, 0, 1, 0, 0)",HYBRID,11102.450895070171,11102.450895070171,10.993069850062053
2001-04-01,South America,84549.0,65977.99386180232,"ETS(M,N,M)","(2, 1, 0, 0, 1, 0, 0)",HYBRID,18571.006138197685,18571.006138197685,21.964785081074506
2001-05-01,South America,61234.0,56825.69776969984,"ETS(M,N,M)","(2, 1, 0, 0, 1, 0, 0)",HYBRID,4408.3022303001635,4408.3022303001635,7.199108714603265
2001-06-01,South America,59574.0,70629.13187352136,"ETS(M,N,M)","(2, 1, 0, 0, 1, 0, 0)",HYBRID,-11055.131873521357,11055.131873521357,-18.5569743067804
2001-07-01,South America,78543.0,68630.53669109537,"ETS(M,N,M)","(2, 1, 0, 0, 1, 0, 0)",HYBRID,9912.463308904626,9912.463308904626,12.62042869371507
2001-08-01,South America,73986.0,71735.46727010563,"ETS(M,N,M)","(2, 1, 0, 0, 1, 0, 0)",HYBRID,2250.532729894374,2250.532729894374,3.041835928276125
2001-09-01,South America,56266.0,61481.650719794474,"ETS(M,N,M)","(2, 1, 0, 0, 1, 0, 0)",HYBRID,-5215.650719794474,5215.650719794474,-9.269631251189837
2001-10-01,South America,58872.0,66781.70161625626,"ETS(M,N,M)","(2, 1, 0, 0, 1, 0, 0)",HYBRID,-7909.701616256265,7909.701616256265,-13.43542195994066
2001-11-01,South America,60806.0,69088.89272240915,"ETS(M,N,M)","(2, 1, 0, 0, 1, 0, 0)",HYBRID,-8282.892722409146,8282.892722409146,-13.621834559762434
2001-12-01,South America,66807.0,86847.76964390224,"ETS(M,N,M)","(2, 1, 0, 0, 1, 0, 0)",HYBRID,-20040.76964390224,20040.76964390224,-29.99800865762905
2002-01-01,South America,73318.0,87101.08096655093,"ETS(M,N,M)","(2, 1, 0, 0, 1, 0, 0)",HYBRID,-13783.08096655093,13783.08096655093,-18.799041117530386
2002-02-01,South America,66973.0,85549.75151889183,"ETS(M,N,M)","(2, 1, 0, 0, 1, 0, 0)",HYBRID,-18576.751518891833,18576.751518891833,-27.73767267240804
2002-03-01,South America,61748.0,77270.18319282979,"ETS(M,N,M)","(2, 1, 0, 0, 1, 0, 0)",HYBRID,-15522.18319282979,15522.18319282979,-25.137952958524636
2002-04-01,South America,47035.0,56606.5920451025,"ETS(M,N,M)","(2, 1, 0, 0, 1, 0, 0)",HYBRID,-9571.592045102501,9571.592045102501,-20.349935250563416
2002-05-01,South America,49495.0,47195.785809659275,"ETS(M,N,M)","(2, 1, 0, 0, 1, 0, 0)",HYBRID,2299.2141903407246,2299.2141903407246,4.645346379110465
2002-06-01,South America,55748.0,62719.31787700141,"ETS(M,N,M)","(2, 1, 0, 0, 1, 0, 0)",HYBRID,-6971.317877001413,6971.317877001413,-12.505054669228336
2002-07-01,South America,70877.0,62674.68719118706,"ETS(M,N,M)","(2, 1, 0, 0, 1, 0, 0)",HYBRID,8202.312808812938,8202.312808812938,11.572601561596763
2002-08-01,South America,68161.0,64006.912898692244,"ETS(M,N,M)","(2, 1, 0, 0, 1, 0, 0)",HYBRID,4154.087101307756,4154.087101307756,6.094521942617854
2002-09-01,South America,57979.0,55169.6469013211,"ETS(M,N,M)","(2, 1, 0, 0, 1, 0, 0)",HYBRID,2809.3530986788974,2809.3530986788974,4.8454666321925135
2002-10-01,South America,56317.0,61324.02735595801,"ETS(M,N,M)","(2, 1, 0, 0, 1, 0, 0)",HYBRID,-5007.027355958009,5007.027355958009,-8.890792044956246
2002-11-01,South America,57712.0,61950.13912570098,"ETS(M,N,M)","(2, 1, 0, 0, 1, 0, 0)",HYBRID,-4238.139125700982,4238.139125700982,-7.343601202004751
2002-12-01,South America,70129.0,77907.29138358314,"ETS(M,N,M)","(2, 1, 0, 0, 1, 0, 0)",HYBRID,-7778.291383583142,7778.291383583142,-11.091404958837488
2003-01-01,South America,76971.0,81261.72697366278,"ETS(M,N,M)","(2, 1, 0, 0, 1, 0, 0)",HYBRID,-4290.726973662779,4290.726973662779,-5.574472169599951
2003-02-01,South America,70003.0,80567.1538973001,"ETS(M,N,M)","(2, 1, 0, 0, 1, 0, 0)",HYBRID,-10564.1538973001,10564.1538973001,-15.091001667500109
2003-03-01,South America,67437.0,72941.64395096026,"ETS(M,N,M)","(2, 1, 0, 0, 1, 0, 0)",HYBRID,-5504.643950960264,5504.643950960264,-8.16264654560592
2003-04-01,South America,57416.0,54249.16485198668,"ETS(M,N,M)","(2, 1, 0, 0, 1, 0, 0)",HYBRID,3166.8351480133206,3166.8351480133206,5.515596955575659
2003-05-01,South America,44763.0,47135.2084405254,"ETS(M,N,M)","(2, 1, 0, 0, 1, 0, 0)",HYBRID,-2372.208440525399,2372.208440525399,-5.299484932925405
2003-06-01,South America,43701.0,57895.74347159463,"ETS(M,N,M)","(2, 1, 0, 0, 1, 0, 0)",HYBRID,-14194.74347159463,14194.74347159463,-32.48150722316338
2003-07-01,South America,52658.0,55619.11928590994,"ETS(M,N,M)","(2, 1, 0, 0, 1, 0, 0)",HYBRID,-2961.119285909939,2961.119285909939,-5.623303744749021
2003-08-01,South America,55955.0,55008.95715582789,"ETS(M,N,M)","(2, 1, 0, 0, 1, 0, 0)",HYBRID,946.0428441721087,946.0428441721087,1.6907208366939663
2003-09-01,South America,50309.0,49080.44312437382,"ETS(M,N,M)","(2, 1, 0, 0, 1, 0, 0)",HYBRID,1228.5568756261782,1228.5568756261782,2.4420220549527487
2003-10-01,South America,52607.0,55335.31455202472,"ETS(M,N,M)","(2, 1, 0, 0, 1, 0, 0)",HYBRID,-2728.31455202472,2728.31455202472,-5.186219613406429
2003-11-01,South America,52471.0,57045.63313567695,"ETS(M,N,M)","(2, 1, 0, 0, 1, 0, 0)",HYBRID,-4574.6331356769515,4574.6331356769515,-8.71840280474348
2003-12-01,South America,69383.0,70590.62412746057,"ETS(M,N,M)","(2, 1, 0, 0, 1, 0, 0)",HYBRID,-1207.624127460571,1207.624127460571,-1.7405187545372367
2004-01-01,South America,88969.0,75814.76097800686,"ETS(M,N,M)","(2, 1, 0, 0, 1, 0, 0)",HYBRID,13154.23902199314,13154.23902199314,14.785193743880608
2004-02-01,South America,86045.0,80268.27510915395,"ETS(M,N,M)","(2, 1, 0, 0, 1, 0, 0)",HYBRID,5776.724890846046,5776.724890846046,6.713609031141898
2004-03-01,South America,76117.0,74736.06993541798,"ETS(M,N,M)","(2, 1, 0, 0, 1, 0, 0)",HYBRID,1380.9300645820185,1380.9300645820185,1.8142202984642308
2004-04-01,South America,67457.0,53582.60865268779,"ETS(M,N,M)","(2, 1, 0, 0, 1, 0, 0)",HYBRID,13874.391347312208,13874.391347312208,20.567756270382922
2004-05-01,South America,48664.0,47497.2048150597,"ETS(M,N,M)","(2, 1, 0, 0, 1, 0, 0)",HYBRID,1166.7951849403034,1166.7951849403034,2.3976557310132818
2004-06-01,South America,47301.0,57950.202280177626,"ETS(M,N,M)","(2, 1, 0, 0, 1, 0, 0)",HYBRID,-10649.202280177626,10649.202280177626,-22.513693748922066
2004-07-01,South America,58762.0,56374.10905495507,"ETS(M,N,M)","(2, 1, 0, 0, 1, 0, 0)",HYBRID,2387.8909450449282,2387.8909450449282,4.063665200375971
2004-08-01,South America,62802.0,57119.506039939864,"ETS(M,N,M)","(2, 1, 0, 0, 1, 0, 0)",HYBRID,5682.493960060136,5682.493960060136,9.048269099805955
2004-09-01,South America,56422.0,51422.92484903945,"ETS(M,N,M)","(2, 1, 0, 0, 1, 0, 0)",HYBRID,4999.075150960547,4999.075150960547,8.860152335898315
2004-10-01,South America,60496.0,58722.87726546071,"ETS(M,N,M)","(2, 1, 0, 0, 1, 0, 0)",HYBRID,1773.1227345392908,1773.1227345392908,2.9309751628856304
2004-11-01,South America,58851.0,61703.528712709915,"ETS(M,N,M)","(2, 1, 0, 0, 1, 0, 0)",HYBRID,-2852.5287127099145,2852.5287127099145,-4.847035246146904
2004-12-01,South America,85890.0,76690.95401091494,"ETS(M,N,M)","(2, 1, 0, 0, 1, 0, 0)",HYBRID,9199.045989085062,9199.045989085062,10.71026427882764
2005-01-01,South America,105732.0,86281.50707907372,"ETS(M,N,M)","(2, 1, 0, 0, 1, 0, 0)",HYBRID,19450.492920926277,19450.492920926277,18.396032346807285
2005-02-01,South America,91165.0,90854.43371309583,"ETS(M,N,M)","(2, 1, 0, 0, 1, 0, 0)",HYBRID,310.56628690416983,310.56628690416983,0.3406639465849502
2005-03-01,South America,79298.0,80823.71174765311,"ETS(M,N,M)","(2, 1, 0, 0, 1, 0, 0)",HYBRID,-1525.711747653113,1525.711747653113,-1.9240229862709186
2005-04-01,South America,59718.0,57420.076680622326,"ETS(M,N,M)","(2, 1, 0, 0, 1, 0, 0)",HYBRID,2297.9233193776745,2297.9233193776745,3.8479575996812927
2005-05-01,South America,57254.0,47370.55255172575,"ETS(M,N,M)","(2, 1, 0, 0, 1, 0, 0)",HYBRID,9883.447448274252,9883.447448274252,17.26245755453637
2005-06-01,South America,56667.0,64936.86906337124,"ETS(M,N,M)","(2, 1, 0, 0, 1, 0, 0)",HYBRID,-8269.86906337124,8269.86906337124,-14.593800736533149
2005-07-01,South America,83108.0,63641.58871933189,"ETS(M,N,M)","(2, 1, 0, 0, 1, 0, 0)",HYBRID,19466.411280668108,19466.411280668108,23.42302940832183
2005-08-01,South America,60832.0,69653.05533057608,"ETS(M,N,M)","(2, 1, 0, 0, 1, 0, 0)",HYBRID,-8821.055330576084,8821.055330576084,-14.500682750157951
2005-09-01,South America,53960.0,53554.65403329868,"ETS(M,N,M)","(2, 1, 0, 0, 1, 0, 0)",HYBRID,405.34596670132305,405.34596670132305,0.7511971213886639
2005-10-01,South America,68175.0,61661.44745097608,"ETS(M,N,M)","(2, 1, 0, 0, 1, 0, 0)",HYBRID,6513.552549023923,6513.552549023923,9.55416582181727
2005-11-01,South America,66984.0,68479.2944170938,"ETS(M,N,M)","(2, 1, 0, 0, 1, 0, 0)",HYBRID,-1495.294417093799,1495.294417093799,-2.232315802421174
2005-12-01,South America,82707.0,85287.20996567237,"ETS(M,N,M)","(2, 1, 0, 0, 1, 0, 0)",HYBRID,-2580.209965672373,2580.209965672373,-3.1196996211594823
2006-01-01,South America,109025.0,90384.6046262228,"ETS(M,N,M)","(2, 1, 0, 0, 1, 0, 0)",HYBRID,18640.395373777195,18640.395373777195,17.097358746871997
2006-02-01,South America,98499.0,96768.00913471852,"ETS(M,N,M)","(2, 1, 0, 0, 1, 0, 0)",HYBRID,1730.9908652814775,1730.9908652814775,1.757368973574836
2006-03-01,South America,81265.0,87661.67669968595,"ETS(M,N,M)","(2, 1, 0, 0, 1, 0, 0)",HYBRID,-6396.6766996859515,6396.6766996859515,-7.871379683364242
2006-04-01,South America,64811.0,60991.50075974268,"ETS(M,N,M)","(2, 1, 0, 0, 1, 0, 0)",HYBRID,3819.499240257319,3819.499240257319,5.8932885470943495
2006-05-01,South America,53855.0,51730.82515973137,"ETS(M,N,M)","(2, 1, 0, 0, 1, 0, 0)",HYBRID,2124.174840268628,2124.174840268628,3.944248148303088
2006-06-01,South America,51338.0,66485.3022536899,"ETS(M,N,M)","(2, 1, 0, 0, 1, 0, 0)",HYBRID,-15147.302253689893,15147.302253689893,-29.50504938581537
2006-07-01,South America,53730.0,64253.81596336367,"ETS(M,N,M)","(2, 1, 0, 0, 1, 0, 0)",HYBRID,-10523.815963363668,10523.815963363668,-19.586480482716674
2006-08-01,South America,47428.0,60647.643712345554,"ETS(M,N,M)","(2, 1, 0, 0, 1, 0, 0)",HYBRID,-13219.643712345554,13219.643712345554,-27.87307858721758
2006-09-01,South America,46483.0,50545.26649094659,"ETS(M,N,M)","(2, 1, 0, 0, 1, 0, 0)",HYBRID,-4062.2664909465893,4062.2664909465893,-8.7392519651197
2006-10-01,South America,52905.0,58671.20560976989,"ETS(M,N,M)","(2, 1, 0, 0, 1, 0, 0)",HYBRID,-5766.205609769888,5766.205609769888,-10.899169473149774
2006-11-01,South America,61906.0,61297.28517068584,"ETS(M,N,M)","(2, 1, 0, 0, 1, 0, 0)",HYBRID,608.7148293141581,608.7148293141581,0.98328890465247
2006-12-01,South America,72635.0,78922.00286580826,"ETS(M,N,M)","(2, 1, 0, 0, 1, 0, 0)",HYBRID,-6287.002865808259,6287.002865808259,-8.655610746621132
2007-01-01,South America,93770.0,81753.02292406936,"ETS(M,N,M)","(2, 1, 0, 0, 1, 0, 0)",HYBRID,12016.977075930641,12016.977075930641,12.815374934340024
2007-02-01,South America,84175.0,85997.89352049853,"ETS(M,N,M)","(2, 1, 0, 0, 1, 0, 0)",HYBRID,-1822.8935204985319,1822.8935204985319,-2.165599667951924
2007-03-01,South America,68420.0,77450.1487738835,"ETS(M,N,M)","(2, 1, 0, 0, 1, 0, 0)",HYBRID,-9030.148773883499,9030.148773883499,-13.198112794334257
2007-04-01,South America,62934.0,53819.80259279169,"ETS(M,N,M)","(2, 1, 0, 0, 1, 0, 0)",HYBRID,9114.19740720831,9114.19740720831,14.482151789506961
2007-05-01,South America,48396.0,48506.344820016406,"ETS(M,N,M)","(2, 1, 0, 0, 1, 0, 0)",HYBRID,-110.34482001640572,110.34482001640572,-0.22800400862965065
2007-06-01,South America,51953.0,59537.982510974485,"ETS(M,N,M)","(2, 1, 0, 0, 1, 0, 0)",HYBRID,-7584.982510974485,7584.982510974485,-14.599700712133053
2007-07-01,South America,67885.0,59831.85996872802,"ETS(M,N,M)","(2, 1, 0, 0, 1, 0, 0)",HYBRID,8053.140031271978,8053.140031271978,11.862915270342459
2007-08-01,South America,62353.0,61738.71169124782,"ETS(M,N,M)","(2, 1, 0, 0, 1, 0, 0)",HYBRID,614.2883087521768,614.2883087521768,0.9851784336794971
2007-09-01,South America,55140.0,52352.03494238643,"ETS(M,N,M)","(2, 1, 0, 0, 1, 0, 0)",HYBRID,2787.965057613568,2787.965057613568,5.056157159255656
2007-10-01,South America,54949.0,59499.484842213344,"ETS(M,N,M)","(2, 1, 0, 0, 1, 0, 0)",HYBRID,-4550.484842213344,4550.484842213344,-8.281287816363072
2007-11-01,South America,55783.0,60629.716702120866,"ETS(M,N,M)","(2, 1, 0, 0, 1, 0, 0)",HYBRID,-4846.716702120866,4846.716702120866,-8.688519265942789
2007-12-01,South America,68579.0,76087.3434616995,"ETS(M,N,M)","(2, 1, 0, 0, 1, 0, 0)",HYBRID,-7508.343461699493,7508.343461699493,-10.948458656001826
2008-01-01,South America,93335.0,80070.95869098422,"ETS(M,N,M)","(2, 1, 0, 0, 1, 0, 0)",HYBRID,13264.041309015782,13264.041309015782,14.211219059319422
2008-02-01,South America,87134.0,85665.81308830008,"ETS(M,N,M)","(2, 1, 0, 0, 1, 0, 0)",HYBRID,1468.186911699915,1468.186911699915,1.6849759126172505
2008-03-01,South America,88747.0,78377.93129384865,"ETS(M,N,M)","(2, 1, 0, 0, 1, 0, 0)",HYBRID,10369.068706151345,10369.068706151345,11.683852644203574
2008-04-01,South America,55426.0,60372.462332745934,"ETS(M,N,M)","(2, 1, 0, 0, 1, 0, 0)",HYBRID,-4946.462332745934,4946.462332745934,-8.924444002356175
2008-05-01,South America,48925.0,45196.02963524254,"ETS(M,N,M)","(2, 1, 0, 0, 1, 0, 0)",HYBRID,3728.970364757457,3728.970364757457,7.621809636704051
2008-06-01,South America,48328.0,59780.37762339066,"ETS(M,N,M)","(2, 1, 0, 0, 1, 0, 0)",HYBRID,-11452.377623390661,11452.377623390661,-23.697189255484734
2008-07-01,South America,60618.0,58670.77240161801,"ETS(M,N,M)","(2, 1, 0, 0, 1, 0, 0)",HYBRID,1947.2275983819927,1947.2275983819927,3.212292715665302
2008-08-01,South America,60773.0,59163.91636097163,"ETS(M,N,M)","(2, 1, 0, 0, 1, 0, 0)",HYBRID,1609.083639028373,1609.083639028373,2.647694928715668
2008-09-01,South America,53170.0,51938.40588040119,"ETS(M,N,M)","(2, 1, 0, 0, 1, 0, 0)",HYBRID,1231.5941195988125,1231.5941195988125,2.3163327432740504
2008-10-01,South America,51225.0,58467.153598422774,"ETS(M,N,M)","(2, 1, 0, 0, 1, 0, 0)",HYBRID,-7242.153598422774,7242.153598422774,-14.137927961781891
2008-11-01,South America,52487.0,58722.895065998906,"ETS(M,N,M)","(2, 1, 0, 0, 1, 0, 0)",HYBRID,-6235.895065998906,6235.895065998906,-11.880837285420972
2008-12-01,South America,65825.0,73553.9476581491,"ETS(M,N,M)","(2, 1, 0, 0, 1, 0, 0)",HYBRID,-7728.9476581491035,7728.9476581491035,-11.741659944016867
2009-01-01,South America,104561.0,77753.53748887565,"ETS(M,N,M)","(2, 1, 0, 0, 1, 0, 0)",HYBRID,26807.46251112435,26807.46251112435,25.638108387567403
2009-02-01,South America,91448.0,88532.89648726258,"ETS(M,N,M)","(2, 1, 0, 0, 1, 0, 0)",HYBRID,2915.10351273742,2915.10351273742,3.187717077177653
2009-03-01,South America,104937.0,78879.26595049915,"ETS(M,N,M)","(2, 1, 0, 0, 1, 0, 0)",HYBRID,26057.734049500854,26057.734049500854,24.831788644139678
2009-04-01,South America,75300.0,64575.347385472895,"ETS(M,N,M)","(2, 1, 0, 0, 1, 0, 0)",HYBRID,10724.652614527105,10724.652614527105,14.242566553156847
2009-05-01,South America,59395.0,50730.11684843354,"ETS(M,N,M)","(2, 1, 0, 0, 1, 0, 0)",HYBRID,8664.883151566457,8664.883151566457,14.5885733673987
2009-06-01,South America,54564.0,64741.87738522692,"ETS(M,N,M)","(2, 1, 0, 0, 1, 0, 0)",HYBRID,-10177.877385226922,10177.877385226922,-18.653099818977573
2009-07-01,South America,59949.0,62903.177920804425,"ETS(M,N,M)","(2, 1, 0, 0, 1, 0, 0)",HYBRID,-2954.1779208044245,2954.1779208044245,-4.927818513744056
2009-08-01,South America,72893.0,60966.54987724814,"ETS(M,N,M)","(2, 1, 0, 0, 1, 0, 0)",HYBRID,11926.450122751863,11926.450122751863,16.361584957062906
2009-09-01,South America,60702.0,58027.76679446696,"ETS(M,N,M)","(2, 1, 0, 0, 1, 0, 0)",HYBRID,2674.2332055330407,2674.2332055330407,4.405510865429543
2009-10-01,South America,68274.0,64347.489792042645,"ETS(M,N,M)","(2, 1, 0, 0, 1, 0, 0)",HYBRID,3926.5102079573553,3926.5102079573553,5.751106142832345
2009-11-01,South America,79353.0,68884.91739390184,"ETS(M,N,M)","(2, 1, 0, 0, 1, 0, 0)",HYBRID,10468.082606098164,10468.082606098164,13.191791874406972
2009-12-01,South America,77242.0,91491.54401454519,"ETS(M,N,M)","(2, 1, 0, 0, 1, 0, 0)",HYBRID,-14249.544014545187,14249.544014545187,-18.44792213374225
2010-01-01,South America,96660.0,90773.12829679568,"ETS(M,N,M)","(2, 1, 0, 0, 1, 0, 0)",HYBRID,5886.8717032043205,5886.8717032043205,6.090287298990607
2010-02-01,South America,109875.0,93762.82966312305,"ETS(M,N,M)","(2, 1, 0, 0, 1, 0, 0)",HYBRID,16112.170336876952,16112.170336876952,14.664091319114405
2010-03-01,South America,115466.0,93376.66246972483,"ETS(M,N,M)","(2, 1, 0, 0, 1, 0, 0)",HYBRID,22089.337530275167,22089.337530275167,19.13059907702282
2010-04-01,South America,69266.0,73100.69611377308,"ETS(M,N,M)","(2, 1, 0, 0, 1, 0, 0)",HYBRID,-3834.696113773083,3834.696113773083,-5.536188193014008
2010-05-01,South America,56915.0,53017.17731030891,"ETS(M,N,M)","(2, 1, 0, 0, 1, 0, 0)",HYBRID,3897.822689691093,3897.822689691093,6.848498093105672
2010-06-01,South America,55296.0,69008.31574646884,"ETS(M,N,M)","(2, 1, 0, 0, 1, 0, 0)",HYBRID,-13712.315746468841,13712.315746468841,-24.79802471511292
2010-07-01,South America,69000.0,67863.25925007509,"ETS(M,N,M)","(2, 1, 0, 0, 1, 0, 0)",HYBRID,1136.7407499249093,1136.7407499249093,1.6474503622100136
2010-08-01,South America,76722.0,68456.77611864528,"ETS(M,N,M)","(2, 1, 0, 0, 1, 0, 0)",HYBRID,8265.223881354716,8265.223881354716,10.772951541089538
2010-09-01,South America,69072.0,62664.13758526412,"ETS(M,N,M)","(2, 1, 0, 0, 1, 0, 0)",HYBRID,6407.862414735879,6407.862414735879,9.277076694950022
2010-10-01,South America,77160.0,71309.1915657884,"ETS(M,N,M)","(2, 1, 0, 0, 1, 0, 0)",HYBRID,5850.808434211605,5850.808434211605,7.5826962599943055
2010-11-01,South America,78191.0,76185.37112281597,"ETS(M,N,M)","(2, 1, 0, 0, 1, 0, 0)",HYBRID,2005.6288771840336,2005.6288771840336,2.5650380186773845
2010-12-01,South America,108872.0,95946.1714777789,"ETS(M,N,M)","(2, 1, 0, 0, 1, 0, 0)",HYBRID,12925.828522221098,12925.828522221098,11.87250029596324
2011-01-01,South America,100232.0,108218.49757262005,"ETS(M,N,M)","(2, 1, 0, 0, 1, 0, 0)",HYBRID,-7986.49757262005,7986.49757262005,-7.968011785278205
2011-02-01,South America,113131.0,100542.56879368969,"ETS(M,N,M)","(2, 1, 0, 0, 1, 0, 0)",HYBRID,12588.431206310313,12588.431206310313,11.127304811510827
2011-03-01,South America,114213.0,99767.98107935375,"ETS(M,N,M)","(2, 1, 0, 0, 1, 0, 0)",HYBRID,14445.018920646253,14445.018920646253,12.647438488303656
2011-04-01,South America,82379.0,76102.21816103104,"ETS(M,N,M)","(2, 1, 0, 0, 1, 0, 0)",HYBRID,6276.781838968964,6276.781838968964,7.619395524307121
2011-05-01,South America,64714.0,60764.02428970999,"ETS(M,N,M)","(2, 1, 0, 0, 1, 0, 0)",HYBRID,3949.975710290011,3949.975710290011,6.103742173702771
2011-06-01,South America,59397.0,76541.69382256365,"ETS(M,N,M)","(2, 1, 0, 0, 1, 0, 0)",HYBRID,-17144.693822563655,17144.693822563655,-28.864578720412908
2011-07-01,South America,74229.0,74066.8866233619,"ETS(M,N,M)","(2, 1, 0, 0, 1, 0, 0)",HYBRID,162.11337663809536,162.11337663809536,0.21839628263629493
2011-08-01,South America,70459.0,74687.00459264073,"ETS(M,N,M)","(2, 1, 0, 0, 1, 0, 0)",HYBRID,-4228.004592640733,4228.004592640733,-6.000659380122813
2011-09-01,South America,66987.0,64003.61734727994,"ETS(M,N,M)","(2, 1, 0, 0, 1, 0, 0)",HYBRID,2983.382652720058,2983.382652720058,4.453674075148997
2011-10-01,South America,82986.0,74296.08805022224,"ETS(M,N,M)","(2, 1, 0, 0, 1, 0, 0)",HYBRID,8689.911949777757,8689.911949777757,10.471539717274911
2011-11-01,South America,97944.0,81810.6657207018,"ETS(M,N,M)","(2, 1, 0, 0, 1, 0, 0)",HYBRID,16133.3342792982,16133.3342792982,16.471998569895245
2011-12-01,South America,118215.0,108460.8249373837,"ETS(M,N,M)","(2, 1, 0, 0, 1, 0, 0)",HYBRID,9754.175062616298,9754.175062616298,8.251216057705282
2012-01-01,South America,107029.0,116793.72784740398,"ETS(M,N,M)","(2, 1, 0, 0, 1, 0, 0)",HYBRID,-9764.727847403978,9764.727847403978,-9.123441167724614
2012-02-01,South America,121752.0,108096.84527824102,"ETS(M,N,M)","(2, 1, 0, 0, 1, 0, 0)",HYBRID,13655.154721758983,13655.154721758983,11.215548592022294
2012-03-01,South America,129423.0,107615.6105206491,"ETS(M,N,M)","(2, 1, 0, 0, 1, 0, 0)",HYBRID,21807.389479350895,21807.389479350895,16.849701737211234
2012-04-01,South America,89024.0,84124.62986177452,"ETS(M,N,M)","(2, 1, 0, 0, 1, 0, 0)",HYBRID,4899.37013822548,4899.37013822548,5.503426197683186
2012-05-01,South America,68083.0,65410.13542217012,"ETS(M,N,M)","(2, 1, 0, 0, 1, 0, 0)",HYBRID,2672.8645778298815,2672.8645778298815,3.925891305949916
2012-06-01,South America,81695.0,81781.89731795983,"ETS(M,N,M)","(2, 1, 0, 0, 1, 0, 0)",HYBRID,-86.89731795982516,86.89731795982516,-0.10636797595914702
2012-07-01,South America,83771.0,86959.82727423028,"ETS(M,N,M)","(2, 1, 0, 0, 1, 0, 0)",HYBRID,-3188.8272742302797,3188.8272742302797,-3.806600463442337
2012-08-01,South America,79726.0,82477.74674406296,"ETS(M,N,M)","(2, 1, 0, 0, 1, 0, 0)",HYBRID,-2751.7467440629553,2751.7467440629553,-3.451504834135609
2012-09-01,South America,78489.0,70913.29456860805,"ETS(M,N,M)","(2, 1, 0, 0, 1, 0, 0)",HYBRID,7575.705431391951,7575.705431391951,9.651932667497293
2012-10-01,South America,92630.0,83999.23573652223,"ETS(M,N,M)","(2, 1, 0, 0, 1, 0, 0)",HYBRID,8630.764263477773,8630.764263477773,9.317461150251294
2012-11-01,South America,101249.0,91329.07909352193,"ETS(M,N,M)","(2, 1, 0, 0, 1, 0, 0)",HYBRID,9919.920906478073,9919.920906478073,9.797549513059954
2012-12-01,South America,131270.0,117908.72198363958,"ETS(M,N,M)","(2, 1, 0, 0, 1, 0, 0)",HYBRID,13361.278016360418,13361.278016360418,10.178470340794103
2013-01-01,South America,114051.0,129788.76889677039,"ETS(M,N,M)","(2, 1, 0, 0, 1, 0, 0)",HYBRID,-15737.768896770387,15737.768896770387,-13.798887249362469
2013-02-01,South America,127967.0,118476.28862785157,"ETS(M,N,M)","(2, 1, 0, 0, 1, 0, 0)",HYBRID,9490.711372148435,9490.711372148435,7.416530333717626
2013-03-01,South America,142637.0,117033.85247816646,"ETS(M,N,M)","(2, 1, 0, 0, 1, 0, 0)",HYBRID,25603.14752183354,25603.14752183354,17.949864005716286
2013-04-01,South America,90985.0,93326.1134126585,"ETS(M,N,M)","(2, 1, 0, 0, 1, 0, 0)",HYBRID,-2341.113412658495,2341.113412658495,-2.5730762352678958
2013-05-01,South America,75123.0,70061.6908374542,"ETS(M,N,M)","(2, 1, 0, 0, 1, 0, 0)",HYBRID,5061.309162545804,5061.309162545804,6.7373629415036715
2013-06-01,South America,73897.0,90016.93285370345,"ETS(M,N,M)","(2, 1, 0, 0, 1, 0, 0)",HYBRID,-16119.932853703445,16119.932853703445,-21.81405585301629
2013-07-01,South America,121463.0,89097.07420840506,"ETS(M,N,M)","(2, 1, 0, 0, 1, 0, 0)",HYBRID,32365.925791594942,32365.925791594942,26.646736694791784
2013-08-01,South America,88722.0,100975.7722028996,"ETS(M,N,M)","(2, 1, 0, 0, 1, 0, 0)",HYBRID,-12253.772202899607,12253.772202899607,-13.811424678095182
2013-09-01,South America,54988.0,77742.2368451787,"ETS(M,N,M)","(2, 1, 0, 0, 1, 0, 0)",HYBRID,-22754.236845178704,22754.236845178704,-41.38036816246945
2013-10-01,South America,97400.0,79539.04847525663,"ETS(M,N,M)","(2, 1, 0, 0, 1, 0, 0)",HYBRID,17860.951524743374,17860.951524743374,18.337732571605105
2013-11-01,South America,99228.0,97175.2548775136,"ETS(M,N,M)","(2, 1, 0, 0, 1, 0, 0)",HYBRID,2052.7451224864053,2052.7451224864053,2.068715606972231
2013-12-01,South America,121313.0,121222.13040331114,"ETS(M,N,M)","(2, 1, 0, 0, 1, 0, 0)",HYBRID,90.86959668886266,90.86959668886266,0.07490507751754771
2014-01-01,South America,129520.0,129174.75783378184,"ETS(M,N,M)","(2, 1, 0, 0, 1, 0, 0)",HYBRID,345.2421662181587,345.2421662181587,0.2665551005390354
2014-02-01,South America,147385.0,127073.80015687404,"ETS(M,N,M)","(2, 1, 0, 0, 1, 0, 0)",HYBRID,20311.199843125956,20311.199843125956,13.781049525478139
2014-03-01,South America,90796.0,126720.78464238669,"ETS(M,N,M)","(2, 1, 0, 0, 1, 0, 0)",HYBRID,-35924.78464238669,35924.78464238669,-39.56648381248809
2014-04-01,South America,96507.0,77657.83298673958,"ETS(M,N,M)","(2, 1, 0, 0, 1, 0, 0)",HYBRID,18849.16701326042,18849.16701326042,19.531398772379642
2014-05-01,South America,88701.0,74954.20437049847,"ETS(M,N,M)","(2, 1, 0, 0, 1, 0, 0)",HYBRID,13746.795629501532,13746.795629501532,15.497903777298488
2014-06-01,South America,251244.0,97249.79553136333,"ETS(M,N,M)","(2, 1, 0, 0, 1, 0, 0)",HYBRID,153994.20446863666,153994.20446863666,61.29268936517356
2014-07-01,South America,159358.0,161834.03771125816,"ETS(M,N,M)","(2, 1, 0, 0, 1, 0, 0)",HYBRID,-2476.0377112581627,2476.0377112581627,-1.553758023606071
2014-08-01,South America,97899.0,121589.60683695128,"ETS(M,N,M)","(2, 1, 0, 0, 1, 0, 0)",HYBRID,-23690.60683695128,23690.60683695128,-24.19902842414251
2014-09-01,South America,90133.0,86875.0118730307,"ETS(M,N,M)","(2, 1, 0, 0, 1, 0, 0)",HYBRID,3257.9881269692996,3257.9881269692996,3.614645165443622
2014-10-01,South America,104432.0,106419.16746269564,"ETS(M,N,M)","(2, 1, 0, 0, 1, 0, 0)",HYBRID,-1987.1674626956374,1987.1674626956374,-1.9028338657649353
2014-11-01,South America,116340.0,115172.01367143821,"ETS(M,N,M)","(2, 1, 0, 0, 1, 0, 0)",HYBRID,1167.9863285617903,1167.9863285617903,1.0039421768624637
2014-12-01,South America,224794.0,150357.75940294948,"ETS(M,N,M)","(2, 1, 0, 0, 1, 0, 0)",HYBRID,74436.24059705052,74436.24059705052,33.113090472632955
2015-01-01,South America,106987.0,192518.2790174354,"ETS(M,N,M)","(2, 1, 0, 0, 1, 0, 0)",HYBRID,-85531.27901743539,85531.27901743539,-79.94548778583884
2015-02-01,South America,140528.0,142486.17889950576,"ETS(M,N,M)","(2, 1, 0, 0, 1, 0, 0)",HYBRID,-1958.1788995057577,1958.1788995057577,-1.3934439396460192
2015-03-01,South America,139761.0,145814.5335051513,"ETS(M,N,M)","(2, 1, 0, 0, 1, 0, 0)",HYBRID,-6053.53350515131,6053.53350515131,-4.331346731313679
2015-04-01,South America,100302.0,109797.39817849014,"ETS(M,N,M)","(2, 1, 0, 0, 1, 0, 0)",HYBRID,-9495.39817849014,9495.39817849014,-9.466808417070588
2015-05-01,South America,93739.0,88912.34466978289,"ETS(M,N,M)","(2, 1, 0, 0, 1, 0, 0)",HYBRID,4826.655330217109,4826.655330217109,5.149036505848269
2015-06-01,South America,85202.0,116500.23711064123,"ETS(M,N,M)","(2, 1, 0, 0, 1, 0, 0)",HYBRID,-31298.237110641232,31298.237110641232,-36.73415777873903
2015-07-01,South America,114137.0,110216.73657408275,"ETS(M,N,M)","(2, 1, 0, 0, 1, 0, 0)",HYBRID,3920.2634259172482,3920.2634259172482,3.434699900923669
2015-08-01,South America,89194.0,112581.70052738754,"ETS(M,N,M)","(2, 1, 0, 0, 1, 0, 0)",HYBRID,-23387.70052738754,23387.70052738754,-26.22115896516306
2015-09-01,South America,65838.0,89889.03446893414,"ETS(M,N,M)","(2, 1, 0, 0, 1, 0, 0)",HYBRID,-24051.034468934144,24051.034468934144,-36.53062740200818
2015-10-01,South America,127961.0,96006.16427822417,"ETS(M,N,M)","(2, 1, 0, 0, 1, 0, 0)",HYBRID,31954.83572177583,31954.83572177583,24.972324162655678
2015-11-01,South America,146674.0,120365.32960646921,"ETS(M,N,M)","(2, 1, 0, 0, 1, 0, 0)",HYBRID,26308.67039353079,26308.67039353079,17.936832972122385
2015-12-01,South America,165635.0,156540.40797162463,"ETS(M,N,M)","(2, 1, 0, 0, 1, 0, 0)",HYBRID,9094.592028375366,9094.592028375366,5.490742915673237
2016-01-01,South America,137015.0,162748.893782689,"ETS(M,N,M)","(2, 1, 0, 0, 1, 0, 0)",HYBRID,-25733.893782689003,25733.893782689003,-18.78180767265555
2016-02-01,South America,146906.0,146979.72251614032,"ETS(M,N,M)","(2, 1, 0, 0, 1, 0, 0)",HYBRID,-73.72251614031848,73.72251614031848,-0.050183461628741155
2016-03-01,South America,134639.0,141893.94667920115,"ETS(M,N,M)","(2, 1, 0, 0, 1, 0, 0)",HYBRID,-7254.946679201152,7254.946679201152,-5.388443674716205
2016-04-01,South America,96340.0,103307.23190538691,"ETS(M,N,M)","(2, 1, 0, 0, 1, 0, 0)",HYBRID,-6967.231905386914,6967.231905386914,-7.231920184125923
2016-05-01,South America,87440.0,83694.83809647041,"ETS(M,N,M)","(2, 1, 0, 0, 1, 0, 0)",HYBRID,3745.161903529588,3745.161903529588,4.2831220305690625
2016-06-01,South America,91925.0,109291.34552787225,"ETS(M,N,M)","(2, 1, 0, 0, 1, 0, 0)",HYBRID,-17366.345527872254,17366.345527872254,-18.89186350598015
2016-07-01,South America,144511.0,108764.99145057629,"ETS(M,N,M)","(2, 1, 0, 0, 1, 0, 0)",HYBRID,35746.008549423714,35746.008549423714,24.735839174473718
2016-08-01,South America,192794.0,120294.31207300942,"ETS(M,N,M)","(2, 1, 0, 0, 1, 0, 0)",HYBRID,72499.68792699058,72499.68792699058,37.604742848320264
2016-09-01,South America,115312.0,123408.96567627364,"ETS(M,N,M)","(2, 1, 0, 0, 1, 0, 0)",HYBRID,-8096.965676273641,8096.965676273641,-7.021789298835889
2016-10-01,South America,106924.0,117890.86368920677,"ETS(M,N,M)","(2, 1, 0, 0, 1, 0, 0)",HYBRID,-10966.863689206773,10966.863689206773,-10.256690442937764
2016-11-01,South America,100823.0,118596.92390512077,"ETS(M,N,M)","(2, 1, 0, 0, 1, 0, 0)",HYBRID,-17773.92390512077,17773.92390512077,-17.62883856374118
2016-12-01,South America,125477.0,148068.61546094326,"ETS(M,N,M)","(2, 1, 0, 0, 1, 0, 0)",HYBRID,-22591.615460943256,22591.615460943256,-18.00458686527671
2017-01-01,South America,142428.0,154835.47503134856,"ETS(M,N,M)","(2, 1, 0, 0, 1, 0, 0)",HYBRID,-12407.475031348557,12407.475031348557,-8.71140157226708
2017-02-01,South America,145296.0,155055.57267120667,"ETS(M,N,M)","(2, 1, 0, 0, 1, 0, 0)",HYBRID,-9759.572671206668,9759.572671206668,-6.717027771725766
2017-03-01,South America,127870.0,146070.33728404564,"ETS(M,N,M)","(2, 1, 0, 0, 1, 0, 0)",HYBRID,-18200.337284045643,18200.337284045643,-14.233469370490063
2017-04-01,South America,107888.0,104974.28749514912,"ETS(M,N,M)","(2, 1, 0, 0, 1, 0, 0)",HYBRID,2913.712504850875,2913.712504850875,2.70068265687646
2017-05-01,South America,83322.0,91037.32321241715,"ETS(M,N,M)","(2, 1, 0, 0, 1, 0, 0)",HYBRID,-7715.323212417148,7715.323212417148,-9.25964716691528
2017-06-01,South America,68341.0,110160.00055631751,"ETS(M,N,M)","(2, 1, 0, 0, 1, 0, 0)",HYBRID,-41819.00055631751,41819.00055631751,-61.191671992387455
2017-07-01,South America,100655.0,101772.94713337449,"ETS(M,N,M)","(2, 1, 0, 0, 1, 0, 0)",HYBRID,-1117.9471333744877,1117.9471333744877,-1.1106722302662437
2017-08-01,South America,92976.0,105453.95714743348,"ETS(M,N,M)","(2, 1, 0, 0, 1, 0, 0)",HYBRID,-12477.95714743348,12477.95714743348,-13.4206216092685
2017-09-01,South America,95227.0,88879.80583227749,"ETS(M,N,M)","(2, 1, 0, 0, 1, 0, 0)",HYBRID,6347.194167722511,6347.194167722511,6.6653303870987335
2017-10-01,South America,108161.0,105098.07382208941,"ETS(M,N,M)","(2, 1, 0, 0, 1, 0, 0)",HYBRID,3062.9261779105873,3062.9261779105873,2.8318212460226766
2017-11-01,South America,121174.0,111049.10561179387,"ETS(M,N,M)","(2, 1, 0, 0, 1, 0, 0)",HYBRID,10124.894388206128,10124.894388206128,8.355665727141242
2017-12-01,South America,162278.0,142967.2795049419,"ETS(M,N,M)","(2, 1, 0, 0, 1, 0, 0)",HYBRID,19310.720495058107,19310.720495058107,11.899777231083762
2018-01-01,South America,145414.0,157153.07316277616,"ETS(M,N,M)","(2, 1, 0, 0, 1, 0, 0)",HYBRID,-11739.073162776156,11739.073162776156,-8.072863110000519
2018-02-01,South America,150414.0,146106.12433996183,"ETS(M,N,M)","(2, 1, 0, 0, 1, 0, 0)",HYBRID,4307.875660038175,4307.875660038175,2.8640124323787512
2018-03-01,South America,139860.0,139420.9646514936,"ETS(M,N,M)","(2, 1, 0, 0, 1, 0, 0)",HYBRID,439.03534850641154,439.03534850641154,0.31391058809267236
2018-04-01,South America,93840.0,102268.23992758809,"ETS(M,N,M)","(2, 1, 0, 0, 1, 0, 0)",HYBRID,-8428.239927588089,8428.239927588089,-8.981500349092167
2018-05-01,South America,70127.0,80316.79869067986,"ETS(M,N,M)","(2, 1, 0, 0, 1, 0, 0)",HYBRID,-10189.798690679861,10189.798690679861,-14.530492806878751
2018-06-01,South America,60538.0,98985.35439845105,"ETS(M,N,M)","(2, 1, 0, 0, 1, 0, 0)",HYBRID,-38447.35439845105,38447.35439845105,-63.50945587639342
2018-07-01,South America,90790.0,93386.32742613324,"ETS(M,N,M)","(2, 1, 0, 0, 1, 0, 0)",HYBRID,-2596.327426133241,2596.327426133241,-2.8597063841097485
2018-08-01,South America,93618.0,96906.484968215,"ETS(M,N,M)","(2, 1, 0, 0, 1, 0, 0)",HYBRID,-3288.4849682149943,3288.4849682149943,-3.512663129115121
2018-09-01,South America,91477.0,85223.65093283574,"ETS(M,N,M)","(2, 1, 0, 0, 1, 0, 0)",HYBRID,6253.349067164265,6253.349067164265,6.835979609261635
2018-10-01,South America,98537.0,99138.61097732343,"ETS(M,N,M)","(2, 1, 0, 0, 1, 0, 0)",HYBRID,-601.6109773234348,601.6109773234348,-0.6105432247008077
2018-11-01,South America,108530.0,102985.31694026789,"ETS(M,N,M)","(2, 1, 0, 0, 1, 0, 0)",HYBRID,5544.6830597321095,5544.6830597321095,5.10889436997338
2018-12-01,South America,150189.0,131922.21768191652,"ETS(M,N,M)","(2, 1, 0, 0, 1, 0, 0)",HYBRID,18266.782318083482,18266.782318083482,12.162530090807904
2019-01-01,South America,141269.0,146081.94958382158,"ETS(M,N,M)","(2, 1, 0, 0, 1, 0, 0)",HYBRID,-4812.949583821581,4812.949583821581,-3.4069396568401986
2019-02-01,South America,144874.0,138431.40692396672,"ETS(M,N,M)","(2, 1, 0, 0, 1, 0, 0)",HYBRID,6442.593076033285,6442.593076033285,4.447031956067538
2019-03-01,South America,145359.0,131755.06719821104,"ETS(M,N,M)","(2, 1, 0, 0, 1, 0, 0)",HYBRID,13603.932801788964,13603.932801788964,9.358851396741146
2019-04-01,South America,94211.0,100065.50554455692,"ETS(M,N,M)","(2, 1, 0, 0, 1, 0, 0)",HYBRID,-5854.505544556916,5854.505544556916,-6.214248383476362
2019-05-01,South America,72087.0,76642.8630504988,"ETS(M,N,M)","(2, 1, 0, 0, 1, 0, 0)",HYBRID,-4555.863050498796,4555.863050498796,-6.319950962723925
2019-06-01,South America,77394.0,95645.32188444037,"ETS(M,N,M)","(2, 1, 0, 0, 1, 0, 0)",HYBRID,-18251.321884440375,18251.321884440375,-23.582347319482615
2019-07-01,South America,87147.0,96837.16491208578,"ETS(M,N,M)","(2, 1, 0, 0, 1, 0, 0)",HYBRID,-9690.164912085776,9690.164912085776,-11.119332750508654
2019-08-01,South America,89046.0,93293.08641163952,"ETS(M,N,M)","(2, 1, 0, 0, 1, 0, 0)",HYBRID,-4247.086411639524,4247.086411639524,-4.769542047525464
2019-09-01,South America,85407.0,81915.32149377691,"ETS(M,N,M)","(2, 1, 0, 0, 1, 0, 0)",HYBRID,3491.678506223092,3491.678506223092,4.088281412791799
2019-10-01,South America,90369.0,95299.18485409787,"ETS(M,N,M)","(2, 1, 0, 0, 1, 0, 0)",HYBRID,-4930.184854097868,4930.184854097868,-5.4556151491085085
2019-11-01,South America,92958.0,98361.90576543384,"ETS(M,N,M)","(2, 1, 0, 0, 1, 0, 0)",HYBRID,-5403.905765433839,5403.905765433839,-5.813276711454463
2019-12-01,South America,132139.0,122932.36355187622,"ETS(M,N,M)","(2, 1, 0, 0, 1, 0, 0)",HYBRID,9206.636448123783,9206.636448123783,6.967387711518767
2020-01-01,South America,133681.0,135525.89703640094,"ETS(M,N,M)","(2, 1, 0, 0, 1, 0, 0)",HYBRID,-1844.8970364009438,1844.8970364009438,-1.3800742337362404
2020-02-01,South America,156690.0,131711.19435502816,"ETS(M,N,M)","(2, 1, 0, 0, 1, 0, 0)",HYBRID,24978.805644971842,24978.805644971842,15.9415442242465
2020-03-01,South America,104968.9804944192,132373.75076058652,"ETS(M,N,M)","(2, 1, 0, 0, 1, 0, 0)",HYBRID,-27404.770266167325,27404.770266167325,-26.107493982590725
2020-04-01,South America,78330.58087804701,83957.6927460435,"ETS(M,N,M)","(2, 1, 0, 0, 1, 0, 0)",HYBRID,-5627.111867996486,5627.111867996486,-7.183799487913084
2020-05-01,South America,64366.73414341682,69890.2607402738,"ETS(M,N,M)","(2, 1, 0, 0, 1, 0, 0)",HYBRID,-5523.526596856987,5523.526596856987,-8.581337348186576
2020-06-01,South America,70521.84374086843,88263.65795823108,"ETS(M,N,M)","(2, 1, 0, 0, 1, 0, 0)",HYBRID,-17741.814217362655,17741.814217362655,-25.157898994465768
2020-07-01,South America,84485.22035132036,89383.93503983747,"ETS(M,N,M)","(2, 1, 0, 0, 1, 0, 0)",HYBRID,-4898.71468851711,4898.71468851711,-5.798309654808814
2020-08-01,South America,80066.27107563234,87756.00408418065,"ETS(M,N,M)","(2, 1, 0, 0, 1, 0, 0)",HYBRID,-7689.733008548312,7689.733008548312,-9.604210243892117
2020-09-01,South America,68177.34856976343,74955.82365258754,"ETS(M,N,M)","(2, 1, 0, 0, 1, 0, 0)",HYBRID,-6778.4750828241085,6778.4750828241085,-9.942415222979724
2020-10-01,South America,78360.34344437747,83338.05822917016,"ETS(M,N,M)","(2, 1, 0, 0, 1, 0, 0)",HYBRID,-4977.714784792683,4977.714784792683,-6.352339162890493
2020-11-01,South America,83215.13411074624,87856.60931019098,"ETS(M,N,M)","(2, 1, 0, 0, 1, 0, 0)",HYBRID,-4641.475199444743,4641.475199444743,-5.577681570839832
2020-12-01,South America,107437.01345598088,110294.2982942327,"ETS(M,N,M)","(2, 1, 0, 0, 1, 0, 0)",HYBRID,-2857.2848382518278,2857.2848382518278,-2.659497640840989
2021-01-01,South America,110562.87221476968,116990.10730322963,"ETS(M,N,M)","(2, 1, 0, 0, 1, 0, 0)",HYBRID,-6427.235088459944,6427.235088459944,-5.8131947549037655
2021-02-01,South America,113334.12790608426,114113.06484147439,"ETS(M,N,M)","(2, 1, 0, 0, 1, 0, 0)",HYBRID,-778.9369353901275,778.9369353901275,-0.6872924773688674
2021-03-01,South America,104968.9804944192,107633.31110723234,"ETS(M,N,M)","(2, 1, 0, 0, 1, 0, 0)",HYBRID,-2664.330612813137,2664.330612813137,-2.5382075735743563
2021-04-01,South America,78330.58087804701,79005.76973174531,"ETS(M,N,M)","(2, 1, 0, 0, 1, 0, 0)",HYBRID,-675.1888536983024,675.1888536983024,-0.8619735052769554
2021-05-01,South America,64366.73414341682,64791.497290559375,"ETS(M,N,M)","(2, 1, 0, 0, 1, 0, 0)",HYBRID,-424.7631471425557,424.7631471425557,-0.659910981651069
2021-06-01,South America,70521.84374086843,80847.05617401945,"ETS(M,N,M)","(2, 1, 0, 0, 1, 0, 0)",HYBRID,-10325.212433151028,10325.212433151028,-14.641154974749218
2021-07-01,South America,84485.22035132036,82562.09648860319,"ETS(M,N,M)","(2, 1, 0, 0, 1, 0, 0)",HYBRID,1923.1238627171697,1923.1238627171697,2.2762843663307253
2021-08-01,South America,80066.27107563234,81790.01843423051,"ETS(M,N,M)","(2, 1, 0, 0, 1, 0, 0)",HYBRID,-1723.7473585981788,1723.7473585981788,-2.1529007601339267
2021-09-01,South America,68177.34856976343,70030.32606052652,"ETS(M,N,M)","(2, 1, 0, 0, 1, 0, 0)",HYBRID,-1852.9774907630926,1852.9774907630926,-2.717878488435213
2021-10-01,South America,78360.34344437747,78439.18219228982,"ETS(M,N,M)","(2, 1, 0, 0, 1, 0, 0)",HYBRID,-78.83874791234848,78.83874791234848,-0.10061051859517511
2021-11-01,South America,83215.13411074624,83503.23785713775,"ETS(M,N,M)","(2, 1, 0, 0, 1, 0, 0)",HYBRID,-288.1037463915127,288.1037463915127,-0.34621556459681
2021-12-01,South America,107437.01345598088,105987.48166994078,"ETS(M,N,M)","(2, 1, 0, 0, 1, 0, 0)",HYBRID,1449.5317860400974,1449.5317860400974,1.3491921819234112
2022-01-01,South America,110562.87221476968,113228.36060282083,"ETS(M,N,M)","(2, 1, 0, 0, 1, 0, 0)",HYBRID,-2665.488388051148,2665.488388051148,-2.410834970778803
2022-02-01,South America,113334.12790608426,110920.72465994343,"ETS(M,N,M)","(2, 1, 0, 0, 1, 0, 0)",HYBRID,2413.403246140835,2413.403246140835,2.129458522979708
2022-03-01,South America,104968.9804944192,104930.00335118952,"ETS(M,N,M)","(2, 1, 0, 0, 1, 0, 0)",HYBRID,38.97714322968386,38.97714322968386,0.037132058486322186
2022-04-01,South America,78330.58087804701,76924.69390217321,"ETS(M,N,M)","(2, 1, 0, 0, 1, 0, 0)",HYBRID,1405.8869758738,1405.8869758738,1.7948123965308358
2022-05-01,South America,64366.73414341682,63057.49973602819,"ETS(M,N,M)","(2, 1, 0, 0, 1, 0, 0)",HYBRID,1309.234407388627,1309.234407388627,2.0340233582016065
2022-06-01,South America,70521.84374086843,79201.60245817319,"ETS(M,N,M)","(2, 1, 0, 0, 1, 0, 0)",HYBRID,-8679.758717304765,8679.758717304765,-12.30790100893905
2022-07-01,South America,84485.22035132036,81275.41862432186,"ETS(M,N,M)","(2, 1, 0, 0, 1, 0, 0)",HYBRID,3209.8017269984994,3209.8017269984994,3.7992464405619977
2022-08-01,South America,80066.27107563234,80702.29465859145,"ETS(M,N,M)","(2, 1, 0, 0, 1, 0, 0)",HYBRID,-636.0235829591111,636.0235829591111,-0.7943714305844335
2022-09-01,South America,68177.34856976343,69146.3292446626,"ETS(M,N,M)","(2, 1, 0, 0, 1, 0, 0)",HYBRID,-968.9806748991687,968.9806748991687,-1.4212648265540064
2022-10-01,South America,78360.34344437747,77689.02285611302,"ETS(M,N,M)","(2, 1, 0, 0, 1, 0, 0)",HYBRID,671.3205882644543,671.3205882644543,0.8567096043178752
2022-11-01,South America,83215.13411074624,82875.01116942585,"ETS(M,N,M)","(2, 1, 0, 0, 1, 0, 0)",HYBRID,340.1229413203837,340.1229413203837,0.4087272645234623
2022-12-01,South America,107437.01345598088,105449.55370172921,"ETS(M,N,M)","(2, 1, 0, 0, 1, 0, 0)",HYBRID,1987.4597542516713,1987.4597542516713,1.8498836577079407
2023-01-01,South America,110562.87221476968,112750.03333578957,"ETS(M,N,M)","(2, 1, 0, 0, 1, 0, 0)",HYBRID,-2187.16112101989,2187.16112101989,-1.9782057730657572
2023-02-01,South America,113334.12790608426,110561.7738701316,"ETS(M,N,M)","(2, 1, 0, 0, 1, 0, 0)",HYBRID,2772.354035952667,2772.354035952667,2.446177587610691
2023-03-01,South America,104968.9804944192,104616.93414846946,"ETS(M,N,M)","(2, 1, 0, 0, 1, 0, 0)",HYBRID,352.0463459497405,352.0463459497405,0.3353813138810636
2023-04-01,South America,78330.58087804701,76688.01723255246,"ETS(M,N,M)","(2, 1, 0, 0, 1, 0, 0)",HYBRID,1642.5636454945488,1642.5636454945488,2.0969634427349115
2023-05-01,South America,64366.73414341682,62863.39125915388,"ETS(M,N,M)","(2, 1, 0, 0, 1, 0, 0)",HYBRID,1503.3428842629364,1503.3428842629364,2.3355898109003137
2023-06-01,South America,59894.0,78961.22422697772,"ETS(M,N,M)","(2, 1, 0, 0, 1, 0, 0)",HYBRID,-19067.22422697772,19067.22422697772,-31.83494878782135
2023-07-01,South America,83775.0,76933.40108694878,"ETS(M,N,M)","(2, 1, 0, 0, 1, 0, 0)",HYBRID,6841.598913051217,6841.598913051217,8.166635527366418
2023-08-01,South America,80697.0,80021.0429880085,"ETS(M,N,M)","(2, 1, 0, 0, 1, 0, 0)",HYBRID,675.9570119915006,675.9570119915006,0.8376482545714223
2023-09-01,South America,82149.0,68985.68209007524,"ETS(M,N,M)","(2, 1, 0, 0, 1, 0, 0)",HYBRID,13163.317909924765,13163.317909924765,16.02371046503885
2023-10-01,South America,92918.0,82768.19997831294,"ETS(M,N,M)","(2, 1, 0, 0, 1, 0, 0)",HYBRID,10149.800021687057,10149.800021687057,10.923394844580228
2023-11-01,South America,114550.0,88721.81024655761,"ETS(M,N,M)","(2, 1, 0, 0, 1, 0, 0)",HYBRID,25828.18975344239,25828.18975344239,22.547524882970222
2023-12-01,South America,129700.0,121149.2168801899,"ETS(M,N,M)","(2, 1, 0, 0, 1, 0, 0)",HYBRID,8550.783119810105,8550.783119810105,6.592739490986974
2024-01-01,South America,163598.0,125957.39598889314,"ETS(M,N,M)","(2, 1, 0, 0, 1, 0, 0)",HYBRID,37640.60401110686,37640.60401110686,23.007985434483828
2024-02-01,South America,170305.0,122451.7522430674,"ETS(M,N,M)","(2, 1, 0, 0, 1, 0, 0)",HYBRID,47853.2477569326,47853.2477569326,28.09855715154141
2024-03-01,South America,157683.0,114878.91946867446,"ETS(M,N,M)","(2, 1, 0, 0, 1, 0, 0)",HYBRID,42804.08053132554,42804.08053132554,27.145653324280705
2024-04-01,South America,102172.0,84748.58695408198,"ETS(M,N,M)","(2, 1, 0, 0, 1, 0, 0)",HYBRID,17423.413045918016,17423.413045918016,17.053021420661256
2024-05-01,South America,84116.0,69698.8184639832,"ETS(M,N,M)","(2, 1, 0, 0, 1, 0, 0)",HYBRID,14417.181536016797,14417.181536016797,17.13964232252698
2024-06-01,South America,82402.0,88357.67972445772,"ETS(M,N,M)","(2, 1, 0, 0, 1, 0, 0)",HYBRID,-5955.679724457717,5955.679724457717,-7.227591228923711
2024-07-01,South America,108089.0,95793.4784464288,"ETS(M,N,M)","(2, 1, 0, 0, 1, 0, 0)",HYBRID,12295.521553571205,12295.521553571205,11.37536803335326
2024-08-01,South America,91504.0,91959.97896835937,"ETS(M,N,M)","(2, 1, 0, 0, 1, 0, 0)",HYBRID,-455.9789683593699,455.9789683593699,-0.4983158860370802
2024-09-01,South America,116003.0,79350.7108867675,"ETS(M,N,M)","(2, 1, 0, 0, 1, 0, 0)",HYBRID,36652.2891132325,36652.2891132325,31.59598382217055
2024-10-01,South America,130985.0,89727.34737628468,"ETS(M,N,M)","(2, 1, 0, 0, 1, 0, 0)",HYBRID,41257.652623715316,41257.652623715316,31.49799795680064
2024-11-01,South America,145148.0,95375.57160383329,"ETS(M,N,M)","(2, 1, 0, 0, 1, 0, 0)",HYBRID,49772.42839616671,49772.42839616671,34.29081240951767
2024-12-01,South America,176121.0,121287.64075466759,"ETS(M,N,M)","(2, 1, 0, 0, 1, 0, 0)",HYBRID,54833.35924533241,54833.35924533241,31.133913187713226
