date,continent,actual,forecast,error,abs_error,pct_error,ets_model,arima_model,model_type
2000-01-01,asia,2902.0,2658.2817691141113,-243.71823088588872,243.71823088588872,-8.398285006405539,"ETS(M,N,A)","(2, 3, 0, 0, 1, 0, 0)",Hybrid_ETS+ARIMA
2000-02-01,asia,2552.0,3006.796549792313,454.7965497923128,454.7965497923128,17.821181418194076,"ETS(M,N,A)","(2, 3, 0, 0, 1, 0, 0)",Hybrid_ETS+ARIMA
2000-03-01,asia,2392.0,1955.2629066144978,-436.73709338550225,436.73709338550225,-18.258239690029356,"ETS(M,N,A)","(2, 3, 0, 0, 1, 0, 0)",Hybrid_ETS+ARIMA
2000-04-01,asia,2069.0,1691.6282200446249,-377.37177995537513,377.37177995537513,-18.23933204230909,"ETS(M,N,A)","(2, 3, 0, 0, 1, 0, 0)",Hybrid_ETS+ARIMA
2000-05-01,asia,1758.0,1837.2398416998935,79.23984169989353,79.23984169989353,4.507385762223751,"ETS(M,N,A)","(2, 3, 0, 0, 1, 0, 0)",Hybrid_ETS+ARIMA
2000-06-01,asia,1649.0,1979.1096876902857,330.1096876902857,330.1096876902857,20.018780332946374,"ETS(M,N,A)","(2, 3, 0, 0, 1, 0, 0)",Hybrid_ETS+ARIMA
2000-07-01,asia,2062.0,1733.3699940544498,-328.63000594555024,328.63000594555024,-15.937439667582456,"ETS(M,N,A)","(2, 3, 0, 0, 1, 0, 0)",Hybrid_ETS+ARIMA
2000-08-01,asia,1991.0,2239.654352145247,248.65435214524678,248.65435214524678,12.488917737079195,"ETS(M,N,A)","(2, 3, 0, 0, 1, 0, 0)",Hybrid_ETS+ARIMA
2000-09-01,asia,1849.0,1784.9954204293344,-64.00457957066556,64.00457957066556,-3.461578127131723,"ETS(M,N,A)","(2, 3, 0, 0, 1, 0, 0)",Hybrid_ETS+ARIMA
2000-10-01,asia,2067.0,1621.6569152794084,-445.3430847205916,445.3430847205916,-21.545383876177628,"ETS(M,N,A)","(2, 3, 0, 0, 1, 0, 0)",Hybrid_ETS+ARIMA
2000-11-01,asia,2132.0,1984.0650173483557,-147.9349826516443,147.9349826516443,-6.938789054955173,"ETS(M,N,A)","(2, 3, 0, 0, 1, 0, 0)",Hybrid_ETS+ARIMA
2000-12-01,asia,2149.0,2229.146223425199,80.14622342519897,80.14622342519897,3.7294659574313154,"ETS(M,N,A)","(2, 3, 0, 0, 1, 0, 0)",Hybrid_ETS+ARIMA
2001-01-01,asia,3574.0,2747.0069817465055,-826.9930182534945,826.9930182534945,-23.139144327182272,"ETS(M,N,A)","(2, 3, 0, 0, 1, 0, 0)",Hybrid_ETS+ARIMA
2001-02-01,asia,3385.0,3478.7104275739,93.71042757389978,93.71042757389978,2.7684025871166846,"ETS(M,N,A)","(2, 3, 0, 0, 1, 0, 0)",Hybrid_ETS+ARIMA
2001-03-01,asia,3167.0,2411.414542251153,-755.5854577488471,755.5854577488471,-23.858082025539854,"ETS(M,N,A)","(2, 3, 0, 0, 1, 0, 0)",Hybrid_ETS+ARIMA
2001-04-01,asia,2766.0,2095.926550487196,-670.073449512804,670.073449512804,-24.22535970762126,"ETS(M,N,A)","(2, 3, 0, 0, 1, 0, 0)",Hybrid_ETS+ARIMA
2001-05-01,asia,1992.0,2325.4099454694165,333.40994546941647,333.40994546941647,16.737447061717695,"ETS(M,N,A)","(2, 3, 0, 0, 1, 0, 0)",Hybrid_ETS+ARIMA
2001-06-01,asia,1882.0,2129.0290082697793,247.0290082697793,247.0290082697793,13.125877166300706,"ETS(M,N,A)","(2, 3, 0, 0, 1, 0, 0)",Hybrid_ETS+ARIMA
2001-07-01,asia,2415.0,2122.2153252699854,-292.78467473001456,292.78467473001456,-12.123589015735591,"ETS(M,N,A)","(2, 3, 0, 0, 1, 0, 0)",Hybrid_ETS+ARIMA
2001-08-01,asia,2262.0,2532.983023936785,270.9830239367848,270.9830239367848,11.979797698354764,"ETS(M,N,A)","(2, 3, 0, 0, 1, 0, 0)",Hybrid_ETS+ARIMA
2001-09-01,asia,1747.0,2117.5696804727927,370.5696804727927,370.5696804727927,21.21177335276432,"ETS(M,N,A)","(2, 3, 0, 0, 1, 0, 0)",Hybrid_ETS+ARIMA
2001-10-01,asia,1822.0,1677.5040163509218,-144.4959836490782,144.4959836490782,-7.930624788643151,"ETS(M,N,A)","(2, 3, 0, 0, 1, 0, 0)",Hybrid_ETS+ARIMA
2001-11-01,asia,1876.0,2102.575653590879,226.57565359087903,226.57565359087903,12.077593474993552,"ETS(M,N,A)","(2, 3, 0, 0, 1, 0, 0)",Hybrid_ETS+ARIMA
2001-12-01,asia,2093.0,2240.2718523691256,147.27185236912555,147.27185236912555,7.036400017636195,"ETS(M,N,A)","(2, 3, 0, 0, 1, 0, 0)",Hybrid_ETS+ARIMA
2002-01-01,asia,2357.0,2904.0228928216743,547.0228928216743,547.0228928216743,23.20843838870065,"ETS(M,N,A)","(2, 3, 0, 0, 1, 0, 0)",Hybrid_ETS+ARIMA
2002-02-01,asia,1995.0,2844.0064846257615,849.0064846257615,849.0064846257615,42.55671602134143,"ETS(M,N,A)","(2, 3, 0, 0, 1, 0, 0)",Hybrid_ETS+ARIMA
2002-03-01,asia,1783.0,1977.9988392872135,194.9988392872135,194.9988392872135,10.936558569109001,"ETS(M,N,A)","(2, 3, 0, 0, 1, 0, 0)",Hybrid_ETS+ARIMA
2002-04-01,asia,1342.0,1466.4188025846972,124.41880258469723,124.41880258469723,9.271147733583996,"ETS(M,N,A)","(2, 3, 0, 0, 1, 0, 0)",Hybrid_ETS+ARIMA
2002-05-01,asia,1401.0,1633.6376933261004,232.63769332610036,232.63769332610036,16.605117296652416,"ETS(M,N,A)","(2, 3, 0, 0, 1, 0, 0)",Hybrid_ETS+ARIMA
2002-06-01,asia,1578.0,1869.2063618880177,291.2063618880177,291.2063618880177,18.45414207148401,"ETS(M,N,A)","(2, 3, 0, 0, 1, 0, 0)",Hybrid_ETS+ARIMA
2002-07-01,asia,2014.0,1734.160550661695,-279.83944933830503,279.83944933830503,-13.894709500412365,"ETS(M,N,A)","(2, 3, 0, 0, 1, 0, 0)",Hybrid_ETS+ARIMA
2002-08-01,asia,1926.0,2150.880362608448,224.8803626084482,224.8803626084482,11.676031288081422,"ETS(M,N,A)","(2, 3, 0, 0, 1, 0, 0)",Hybrid_ETS+ARIMA
2002-09-01,asia,1645.0,1746.0535975111693,101.0535975111693,101.0535975111693,6.143075836545246,"ETS(M,N,A)","(2, 3, 0, 0, 1, 0, 0)",Hybrid_ETS+ARIMA
2002-10-01,asia,1601.0,1444.2724554704816,-156.72754452951835,156.72754452951835,-9.789353187352802,"ETS(M,N,A)","(2, 3, 0, 0, 1, 0, 0)",Hybrid_ETS+ARIMA
2002-11-01,asia,1652.0,1736.360187314931,84.36018731493095,84.36018731493095,5.106548868942552,"ETS(M,N,A)","(2, 3, 0, 0, 1, 0, 0)",Hybrid_ETS+ARIMA
2002-12-01,asia,2071.0,1957.134722768396,-113.86527723160407,113.86527723160407,-5.49808195227446,"ETS(M,N,A)","(2, 3, 0, 0, 1, 0, 0)",Hybrid_ETS+ARIMA
2003-01-01,asia,1880.0,2707.1245610578017,827.1245610578017,827.1245610578017,43.9959872903086,"ETS(M,N,A)","(2, 3, 0, 0, 1, 0, 0)",Hybrid_ETS+ARIMA
2003-02-01,asia,2089.0,2362.648747484921,273.64874748492093,273.64874748492093,13.099509214213544,"ETS(M,N,A)","(2, 3, 0, 0, 1, 0, 0)",Hybrid_ETS+ARIMA
2003-03-01,asia,1355.0,1966.3888958007742,611.3888958007742,611.3888958007742,45.12095171961433,"ETS(M,N,A)","(2, 3, 0, 0, 1, 0, 0)",Hybrid_ETS+ARIMA
2003-04-01,asia,933.0,954.503249582679,21.503249582679018,21.503249582679018,2.304742720544375,"ETS(M,N,A)","(2, 3, 0, 0, 1, 0, 0)",Hybrid_ETS+ARIMA
2003-05-01,asia,1200.0,1356.6035570926294,156.60355709262944,156.60355709262944,13.050296424385788,"ETS(M,N,A)","(2, 3, 0, 0, 1, 0, 0)",Hybrid_ETS+ARIMA
2003-06-01,asia,1236.0,1631.7859935307713,395.7859935307713,395.7859935307713,32.02152051219833,"ETS(M,N,A)","(2, 3, 0, 0, 1, 0, 0)",Hybrid_ETS+ARIMA
2003-07-01,asia,1121.0,1351.3353894849897,230.33538948498972,230.33538948498972,20.547313959410324,"ETS(M,N,A)","(2, 3, 0, 0, 1, 0, 0)",Hybrid_ETS+ARIMA
2003-08-01,asia,1512.0,1568.388414908597,56.38841490859704,56.38841490859704,3.729392520409857,"ETS(M,N,A)","(2, 3, 0, 0, 1, 0, 0)",Hybrid_ETS+ARIMA
2003-09-01,asia,1227.0,1459.6364409379194,232.63644093791936,232.63644093791936,18.95977513756474,"ETS(M,N,A)","(2, 3, 0, 0, 1, 0, 0)",Hybrid_ETS+ARIMA
2003-10-01,asia,1081.0,1047.0772943275624,-33.92270567243759,33.92270567243759,-3.138085631122811,"ETS(M,N,A)","(2, 3, 0, 0, 1, 0, 0)",Hybrid_ETS+ARIMA
2003-11-01,asia,914.0,1265.0388990614595,351.03889906145946,351.03889906145946,38.40688173538943,"ETS(M,N,A)","(2, 3, 0, 0, 1, 0, 0)",Hybrid_ETS+ARIMA
2003-12-01,asia,1281.0,1448.6805995475024,167.68059954750242,167.68059954750242,13.089820417447495,"ETS(M,N,A)","(2, 3, 0, 0, 1, 0, 0)",Hybrid_ETS+ARIMA
2004-01-01,asia,3478.0,2095.8851909262007,-1382.1148090737993,1382.1148090737993,-39.738781169459436,"ETS(M,N,A)","(2, 3, 0, 0, 1, 0, 0)",Hybrid_ETS+ARIMA
2004-02-01,asia,2820.0,3230.1657300958577,410.1657300958577,410.1657300958577,14.544884045952402,"ETS(M,N,A)","(2, 3, 0, 0, 1, 0, 0)",Hybrid_ETS+ARIMA
2004-03-01,asia,1576.0,1643.3653905195556,67.3653905195556,67.3653905195556,4.274453713169772,"ETS(M,N,A)","(2, 3, 0, 0, 1, 0, 0)",Hybrid_ETS+ARIMA
2004-04-01,asia,1058.0,1039.7478702056937,-18.252129794306256,18.252129794306256,-1.725154044830459,"ETS(M,N,A)","(2, 3, 0, 0, 1, 0, 0)",Hybrid_ETS+ARIMA
2004-05-01,asia,1680.0,1249.8434491963515,-430.15655080364854,430.15655080364854,-25.604556595455268,"ETS(M,N,A)","(2, 3, 0, 0, 1, 0, 0)",Hybrid_ETS+ARIMA
2004-06-01,asia,1729.0,1833.636683368453,104.63668336845308,104.63668336845308,6.051861386261023,"ETS(M,N,A)","(2, 3, 0, 0, 1, 0, 0)",Hybrid_ETS+ARIMA
2004-07-01,asia,1414.0,1495.7650062214484,81.7650062214484,81.7650062214484,5.782532264600311,"ETS(M,N,A)","(2, 3, 0, 0, 1, 0, 0)",Hybrid_ETS+ARIMA
2004-08-01,asia,2198.0,1628.157372503842,-569.842627496158,569.842627496158,-25.925506255512193,"ETS(M,N,A)","(2, 3, 0, 0, 1, 0, 0)",Hybrid_ETS+ARIMA
2004-09-01,asia,1778.0,1876.2594241242875,98.25942412428753,98.25942412428753,5.526401806765328,"ETS(M,N,A)","(2, 3, 0, 0, 1, 0, 0)",Hybrid_ETS+ARIMA
2004-10-01,asia,1386.0,1211.3908453298898,-174.60915467011023,174.60915467011023,-12.598063107511562,"ETS(M,N,A)","(2, 3, 0, 0, 1, 0, 0)",Hybrid_ETS+ARIMA
2004-11-01,asia,1117.0,1495.847832428236,378.84783242823596,378.84783242823596,33.91654721828433,"ETS(M,N,A)","(2, 3, 0, 0, 1, 0, 0)",Hybrid_ETS+ARIMA
2004-12-01,asia,1620.0,1580.9574963610564,-39.04250363894357,39.04250363894357,-2.4100310888236773,"ETS(M,N,A)","(2, 3, 0, 0, 1, 0, 0)",Hybrid_ETS+ARIMA
2005-01-01,asia,3851.0,2398.6117575703365,-1452.3882424296635,1452.3882424296635,-37.714573940006844,"ETS(M,N,A)","(2, 3, 0, 0, 1, 0, 0)",Hybrid_ETS+ARIMA
2005-02-01,asia,2864.0,3457.7046380468864,593.7046380468864,593.7046380468864,20.729910546329833,"ETS(M,N,A)","(2, 3, 0, 0, 1, 0, 0)",Hybrid_ETS+ARIMA
2005-03-01,asia,1602.0,1754.918050209864,152.91805020986408,152.91805020986408,9.545446330203749,"ETS(M,N,A)","(2, 3, 0, 0, 1, 0, 0)",Hybrid_ETS+ARIMA
2005-04-01,asia,1168.0,1175.378247788058,7.378247788057934,7.378247788057934,0.6316992969227683,"ETS(M,N,A)","(2, 3, 0, 0, 1, 0, 0)",Hybrid_ETS+ARIMA
2005-05-01,asia,1872.0,1434.3097945294746,-437.69020547052537,437.69020547052537,-23.38088704436567,"ETS(M,N,A)","(2, 3, 0, 0, 1, 0, 0)",Hybrid_ETS+ARIMA
2005-06-01,asia,1985.0,2011.1589641446303,26.158964144630318,26.158964144630318,1.3178319468327615,"ETS(M,N,A)","(2, 3, 0, 0, 1, 0, 0)",Hybrid_ETS+ARIMA
2005-07-01,asia,1975.0,1734.9083017708026,-240.0916982291974,240.0916982291974,-12.156541682491007,"ETS(M,N,A)","(2, 3, 0, 0, 1, 0, 0)",Hybrid_ETS+ARIMA
2005-08-01,asia,2057.0,1995.8901549479845,-61.109845052015544,61.109845052015544,-2.970823775012909,"ETS(M,N,A)","(2, 3, 0, 0, 1, 0, 0)",Hybrid_ETS+ARIMA
2005-09-01,asia,1665.0,1814.7932528571366,149.79325285713662,149.79325285713662,8.99659176319139,"ETS(M,N,A)","(2, 3, 0, 0, 1, 0, 0)",Hybrid_ETS+ARIMA
2005-10-01,asia,1495.0,1339.7769772400713,-155.22302275992865,155.22302275992865,-10.382810886951749,"ETS(M,N,A)","(2, 3, 0, 0, 1, 0, 0)",Hybrid_ETS+ARIMA
2005-11-01,asia,1381.0,1674.5114301202664,293.51143012026637,293.51143012026637,21.25354309342986,"ETS(M,N,A)","(2, 3, 0, 0, 1, 0, 0)",Hybrid_ETS+ARIMA
2005-12-01,asia,1583.0,1771.7359402656066,188.7359402656066,188.7359402656066,11.922674685129916,"ETS(M,N,A)","(2, 3, 0, 0, 1, 0, 0)",Hybrid_ETS+ARIMA
2006-01-01,asia,3701.0,2454.9108283198993,-1246.0891716801007,1246.0891716801007,-33.66898599513917,"ETS(M,N,A)","(2, 3, 0, 0, 1, 0, 0)",Hybrid_ETS+ARIMA
2006-02-01,asia,3254.0,3457.7086239598098,203.70862395980976,203.70862395980976,6.260252733860165,"ETS(M,N,A)","(2, 3, 0, 0, 1, 0, 0)",Hybrid_ETS+ARIMA
2006-03-01,asia,2500.0,2124.745097829433,-375.2549021705672,375.2549021705672,-15.010196086822688,"ETS(M,N,A)","(2, 3, 0, 0, 1, 0, 0)",Hybrid_ETS+ARIMA
2006-04-01,asia,1983.0,1619.2082753115128,-363.7917246884872,363.7917246884872,-18.345523181466827,"ETS(M,N,A)","(2, 3, 0, 0, 1, 0, 0)",Hybrid_ETS+ARIMA
2006-05-01,asia,2644.0,1878.6611913020402,-765.3388086979598,765.3388086979598,-28.946248437895605,"ETS(M,N,A)","(2, 3, 0, 0, 1, 0, 0)",Hybrid_ETS+ARIMA
2006-06-01,asia,1930.0,2440.0656905036344,510.0656905036344,510.0656905036344,26.428274119359298,"ETS(M,N,A)","(2, 3, 0, 0, 1, 0, 0)",Hybrid_ETS+ARIMA
2006-07-01,asia,2032.0,1775.651948911122,-256.34805108887804,256.34805108887804,-12.615553695318802,"ETS(M,N,A)","(2, 3, 0, 0, 1, 0, 0)",Hybrid_ETS+ARIMA
2006-08-01,asia,1911.0,2248.470077185847,337.470077185847,337.470077185847,17.659344698369807,"ETS(M,N,A)","(2, 3, 0, 0, 1, 0, 0)",Hybrid_ETS+ARIMA
2006-09-01,asia,3643.0,1882.7771120615637,-1760.2228879384363,1760.2228879384363,-48.317949161088016,"ETS(M,N,A)","(2, 3, 0, 0, 1, 0, 0)",Hybrid_ETS+ARIMA
2006-10-01,asia,1685.0,2652.1944529245075,967.1944529245075,967.1944529245075,57.400264268516764,"ETS(M,N,A)","(2, 3, 0, 0, 1, 0, 0)",Hybrid_ETS+ARIMA
2006-11-01,asia,1988.0,1489.4326584587448,-498.56734154125525,498.56734154125525,-25.07884011776938,"ETS(M,N,A)","(2, 3, 0, 0, 1, 0, 0)",Hybrid_ETS+ARIMA
2006-12-01,asia,1799.0,2487.067261909184,688.0672619091838,688.0672619091838,38.2472074435344,"ETS(M,N,A)","(2, 3, 0, 0, 1, 0, 0)",Hybrid_ETS+ARIMA
2007-01-01,asia,3266.0,2664.0164408240917,-601.9835591759083,601.9835591759083,-18.431829735943307,"ETS(M,N,A)","(2, 3, 0, 0, 1, 0, 0)",Hybrid_ETS+ARIMA
2007-02-01,asia,2720.0,3356.464477429548,636.464477429548,636.464477429548,23.399429317262793,"ETS(M,N,A)","(2, 3, 0, 0, 1, 0, 0)",Hybrid_ETS+ARIMA
2007-03-01,asia,2126.0,2271.1423224431064,145.14232244310642,145.14232244310642,6.827014225922221,"ETS(M,N,A)","(2, 3, 0, 0, 1, 0, 0)",Hybrid_ETS+ARIMA
2007-04-01,asia,2339.0,1477.1113548159542,-861.8886451840458,861.8886451840458,-36.84859534775741,"ETS(M,N,A)","(2, 3, 0, 0, 1, 0, 0)",Hybrid_ETS+ARIMA
2007-05-01,asia,1673.0,2438.666130773173,765.6661307731729,765.6661307731729,45.76605683043472,"ETS(M,N,A)","(2, 3, 0, 0, 1, 0, 0)",Hybrid_ETS+ARIMA
2007-06-01,asia,1645.0,1686.3933935111822,41.39339351118224,41.39339351118224,2.5163157149654856,"ETS(M,N,A)","(2, 3, 0, 0, 1, 0, 0)",Hybrid_ETS+ARIMA
2007-07-01,asia,1454.0,2162.105639941201,708.1056399412009,708.1056399412009,48.70052544299869,"ETS(M,N,A)","(2, 3, 0, 0, 1, 0, 0)",Hybrid_ETS+ARIMA
2007-08-01,asia,2101.0,1724.7004719484264,-376.2995280515736,376.2995280515736,-17.91049633753325,"ETS(M,N,A)","(2, 3, 0, 0, 1, 0, 0)",Hybrid_ETS+ARIMA
2007-09-01,asia,2372.0,2297.1522166934283,-74.84778330657173,74.84778330657173,-3.1554714716092636,"ETS(M,N,A)","(2, 3, 0, 0, 1, 0, 0)",Hybrid_ETS+ARIMA
2007-10-01,asia,1621.0,1678.2300288910503,57.230028891050324,57.230028891050324,3.5305384880351833,"ETS(M,N,A)","(2, 3, 0, 0, 1, 0, 0)",Hybrid_ETS+ARIMA
2007-11-01,asia,1961.0,1861.648822923519,-99.35117707648101,99.35117707648101,-5.0663527321,"ETS(M,N,A)","(2, 3, 0, 0, 1, 0, 0)",Hybrid_ETS+ARIMA
2007-12-01,asia,1753.0,2196.945180754868,443.94518075486803,443.94518075486803,25.324881959775702,"ETS(M,N,A)","(2, 3, 0, 0, 1, 0, 0)",Hybrid_ETS+ARIMA
2008-01-01,asia,2880.0,2638.8959772415765,-241.10402275842353,241.10402275842353,-8.371667456889705,"ETS(M,N,A)","(2, 3, 0, 0, 1, 0, 0)",Hybrid_ETS+ARIMA
2008-02-01,asia,3834.0,3074.4703397516455,-759.5296602483545,759.5296602483545,-19.810371941793285,"ETS(M,N,A)","(2, 3, 0, 0, 1, 0, 0)",Hybrid_ETS+ARIMA
2008-03-01,asia,2870.0,2889.889992625758,19.88999262575817,19.88999262575817,0.6930311019427933,"ETS(M,N,A)","(2, 3, 0, 0, 1, 0, 0)",Hybrid_ETS+ARIMA
2008-04-01,asia,2235.0,1596.0933977524273,-638.9066022475727,638.9066022475727,-28.586425156490947,"ETS(M,N,A)","(2, 3, 0, 0, 1, 0, 0)",Hybrid_ETS+ARIMA
2008-05-01,asia,2176.0,2257.456501485358,81.45650148535788,81.45650148535788,3.7434053991432847,"ETS(M,N,A)","(2, 3, 0, 0, 1, 0, 0)",Hybrid_ETS+ARIMA
2008-06-01,asia,1758.0,2158.1825182308953,400.1825182308953,400.1825182308953,22.7635107071044,"ETS(M,N,A)","(2, 3, 0, 0, 1, 0, 0)",Hybrid_ETS+ARIMA
2008-07-01,asia,1516.0,1984.8891581197377,468.88915811973766,468.88915811973766,30.929363992067127,"ETS(M,N,A)","(2, 3, 0, 0, 1, 0, 0)",Hybrid_ETS+ARIMA
2008-08-01,asia,2331.0,1971.1374114467246,-359.8625885532754,359.8625885532754,-15.438120487056,"ETS(M,N,A)","(2, 3, 0, 0, 1, 0, 0)",Hybrid_ETS+ARIMA
2008-09-01,asia,2421.0,2339.757971198778,-81.2420288012222,81.2420288012222,-3.355721966180182,"ETS(M,N,A)","(2, 3, 0, 0, 1, 0, 0)",Hybrid_ETS+ARIMA
2008-10-01,asia,2161.0,1812.248329027179,-348.7516709728211,348.7516709728211,-16.138439193559513,"ETS(M,N,A)","(2, 3, 0, 0, 1, 0, 0)",Hybrid_ETS+ARIMA
2008-11-01,asia,2932.0,2160.8288006691846,-771.1711993308154,771.1711993308154,-26.301882651119215,"ETS(M,N,A)","(2, 3, 0, 0, 1, 0, 0)",Hybrid_ETS+ARIMA
2008-12-01,asia,2414.0,2767.8261519420175,353.82615194201753,353.82615194201753,14.657255672825913,"ETS(M,N,A)","(2, 3, 0, 0, 1, 0, 0)",Hybrid_ETS+ARIMA
2009-01-01,asia,1744.0,2873.266930013013,1129.2669300130128,1129.2669300130128,64.75154415212229,"ETS(M,N,A)","(2, 3, 0, 0, 1, 0, 0)",Hybrid_ETS+ARIMA
2009-02-01,asia,2455.0,2546.441844271524,91.44184427152413,91.44184427152413,3.7247187075977246,"ETS(M,N,A)","(2, 3, 0, 0, 1, 0, 0)",Hybrid_ETS+ARIMA
2009-03-01,asia,3616.0,2466.218401232086,-1149.7815987679141,1149.7815987679141,-31.797057488050722,"ETS(M,N,A)","(2, 3, 0, 0, 1, 0, 0)",Hybrid_ETS+ARIMA
2009-04-01,asia,2102.0,2336.591077291131,234.5910772911311,234.5910772911311,11.16037475219463,"ETS(M,N,A)","(2, 3, 0, 0, 1, 0, 0)",Hybrid_ETS+ARIMA
2009-05-01,asia,1378.0,1830.204498240145,452.2044982401451,452.2044982401451,32.816001323668004,"ETS(M,N,A)","(2, 3, 0, 0, 1, 0, 0)",Hybrid_ETS+ARIMA
2009-06-01,asia,1581.0,1970.4286928477154,389.4286928477154,389.4286928477154,24.631795879045885,"ETS(M,N,A)","(2, 3, 0, 0, 1, 0, 0)",Hybrid_ETS+ARIMA
2009-07-01,asia,1402.0,1958.4679882097844,556.4679882097844,556.4679882097844,39.691011997844825,"ETS(M,N,A)","(2, 3, 0, 0, 1, 0, 0)",Hybrid_ETS+ARIMA
2009-08-01,asia,2041.0,1889.503439277774,-151.49656072222592,151.49656072222592,-7.422663435679859,"ETS(M,N,A)","(2, 3, 0, 0, 1, 0, 0)",Hybrid_ETS+ARIMA
2009-09-01,asia,2109.0,2151.979874647094,42.97987464709422,42.97987464709422,2.037926725798683,"ETS(M,N,A)","(2, 3, 0, 0, 1, 0, 0)",Hybrid_ETS+ARIMA
2009-10-01,asia,2076.0,1663.4472333087908,-412.5527666912092,412.5527666912092,-19.872483944663255,"ETS(M,N,A)","(2, 3, 0, 0, 1, 0, 0)",Hybrid_ETS+ARIMA
2009-11-01,asia,2244.0,2086.9819443777665,-157.01805562223353,157.01805562223353,-6.997239555358001,"ETS(M,N,A)","(2, 3, 0, 0, 1, 0, 0)",Hybrid_ETS+ARIMA
2009-12-01,asia,2542.0,2314.57840786157,-227.4215921384298,227.4215921384298,-8.946561453124696,"ETS(M,N,A)","(2, 3, 0, 0, 1, 0, 0)",Hybrid_ETS+ARIMA
2010-01-01,asia,2273.0,3028.1226527418307,755.1226527418307,755.1226527418307,33.22141015142238,"ETS(M,N,A)","(2, 3, 0, 0, 1, 0, 0)",Hybrid_ETS+ARIMA
2010-02-01,asia,4581.0,2667.509768364883,-1913.4902316351172,1913.4902316351172,-41.770142580989244,"ETS(M,N,A)","(2, 3, 0, 0, 1, 0, 0)",Hybrid_ETS+ARIMA
2010-03-01,asia,3851.0,3528.5173467547174,-322.48265324528256,322.48265324528256,-8.373997747215855,"ETS(M,N,A)","(2, 3, 0, 0, 1, 0, 0)",Hybrid_ETS+ARIMA
2010-04-01,asia,1775.0,2022.7121217824645,247.71212178246446,247.71212178246446,13.955612494786731,"ETS(M,N,A)","(2, 3, 0, 0, 1, 0, 0)",Hybrid_ETS+ARIMA
2010-05-01,asia,2337.0,1843.416248663871,-493.5837513361289,493.5837513361289,-21.120400142752626,"ETS(M,N,A)","(2, 3, 0, 0, 1, 0, 0)",Hybrid_ETS+ARIMA
2010-06-01,asia,2176.0,2682.505211984106,506.50521198410615,506.50521198410615,23.276893933093113,"ETS(M,N,A)","(2, 3, 0, 0, 1, 0, 0)",Hybrid_ETS+ARIMA
2010-07-01,asia,1762.0,2031.60242266362,269.60242266362,269.60242266362,15.300932046743473,"ETS(M,N,A)","(2, 3, 0, 0, 1, 0, 0)",Hybrid_ETS+ARIMA
2010-08-01,asia,2318.0,2304.673281769515,-13.326718230484857,13.326718230484857,-0.5749231333254899,"ETS(M,N,A)","(2, 3, 0, 0, 1, 0, 0)",Hybrid_ETS+ARIMA
2010-09-01,asia,2563.0,2271.8004664608725,-291.1995335391275,291.1995335391275,-11.361667324975713,"ETS(M,N,A)","(2, 3, 0, 0, 1, 0, 0)",Hybrid_ETS+ARIMA
2010-10-01,asia,2041.0,2134.2940725215603,93.29407252156034,93.29407252156034,4.570998163721721,"ETS(M,N,A)","(2, 3, 0, 0, 1, 0, 0)",Hybrid_ETS+ARIMA
2010-11-01,asia,2273.0,2035.9534760334193,-237.0465239665807,237.0465239665807,-10.428795599057663,"ETS(M,N,A)","(2, 3, 0, 0, 1, 0, 0)",Hybrid_ETS+ARIMA
2010-12-01,asia,3488.0,2618.992092046732,-869.0079079532679,869.0079079532679,-24.914217544531763,"ETS(M,N,A)","(2, 3, 0, 0, 1, 0, 0)",Hybrid_ETS+ARIMA
2011-01-01,asia,2456.0,3619.796106976555,1163.7961069765552,1163.7961069765552,47.385834974615435,"ETS(M,N,A)","(2, 3, 0, 0, 1, 0, 0)",Hybrid_ETS+ARIMA
2011-02-01,asia,3070.0,2755.8323876802515,-314.1676123197485,314.1676123197485,-10.233472713998323,"ETS(M,N,A)","(2, 3, 0, 0, 1, 0, 0)",Hybrid_ETS+ARIMA
2011-03-01,asia,4197.0,2831.5306155755316,-1365.4693844244684,1365.4693844244684,-32.53441468726396,"ETS(M,N,A)","(2, 3, 0, 0, 1, 0, 0)",Hybrid_ETS+ARIMA
2011-04-01,asia,3002.0,2758.928314773034,-243.0716852269661,243.0716852269661,-8.096991513223388,"ETS(M,N,A)","(2, 3, 0, 0, 1, 0, 0)",Hybrid_ETS+ARIMA
2011-05-01,asia,3912.0,2318.2058820679435,-1593.7941179320565,1593.7941179320565,-40.741158433846024,"ETS(M,N,A)","(2, 3, 0, 0, 1, 0, 0)",Hybrid_ETS+ARIMA
2011-06-01,asia,2770.0,3553.78255793657,783.7825579365699,783.7825579365699,28.295399203486276,"ETS(M,N,A)","(2, 3, 0, 0, 1, 0, 0)",Hybrid_ETS+ARIMA
2011-07-01,asia,3110.0,2234.067892973096,-875.9321070269039,875.9321070269039,-28.16501951854996,"ETS(M,N,A)","(2, 3, 0, 0, 1, 0, 0)",Hybrid_ETS+ARIMA
2011-08-01,asia,3121.0,3302.1161416505624,181.11614165056244,181.11614165056244,5.803144557852049,"ETS(M,N,A)","(2, 3, 0, 0, 1, 0, 0)",Hybrid_ETS+ARIMA
2011-09-01,asia,2879.0,2669.8967971073325,-209.10320289266747,209.10320289266747,-7.263049770499045,"ETS(M,N,A)","(2, 3, 0, 0, 1, 0, 0)",Hybrid_ETS+ARIMA
2011-10-01,asia,3034.0,2527.7997539749704,-506.2002460250296,506.2002460250296,-16.684253329763663,"ETS(M,N,A)","(2, 3, 0, 0, 1, 0, 0)",Hybrid_ETS+ARIMA
2011-11-01,asia,3905.0,2916.022072173844,-988.9779278261558,988.9779278261558,-25.32593925291052,"ETS(M,N,A)","(2, 3, 0, 0, 1, 0, 0)",Hybrid_ETS+ARIMA
2011-12-01,asia,3694.0,3578.93202893381,-115.06797106618978,115.06797106618978,-3.1149965096423875,"ETS(M,N,A)","(2, 3, 0, 0, 1, 0, 0)",Hybrid_ETS+ARIMA
2012-01-01,asia,3676.0,3860.701137215623,184.70113721562302,184.70113721562302,5.024514070065915,"ETS(M,N,A)","(2, 3, 0, 0, 1, 0, 0)",Hybrid_ETS+ARIMA
2012-02-01,asia,6401.0,3866.818689621493,-2534.181310378507,2534.181310378507,-39.59039697513681,"ETS(M,N,A)","(2, 3, 0, 0, 1, 0, 0)",Hybrid_ETS+ARIMA
2012-03-01,asia,4673.0,4877.679174560118,204.67917456011764,204.67917456011764,4.3800379747510725,"ETS(M,N,A)","(2, 3, 0, 0, 1, 0, 0)",Hybrid_ETS+ARIMA
2012-04-01,asia,3868.0,2725.5075049964084,-1142.4924950035916,1142.4924950035916,-29.537034514053556,"ETS(M,N,A)","(2, 3, 0, 0, 1, 0, 0)",Hybrid_ETS+ARIMA
2012-05-01,asia,3587.0,3672.8748749816114,85.87487498161136,85.87487498161136,2.3940584048400155,"ETS(M,N,A)","(2, 3, 0, 0, 1, 0, 0)",Hybrid_ETS+ARIMA
2012-06-01,asia,7993.0,3493.7345382936473,-4499.265461706353,4499.265461706353,-56.29007208440326,"ETS(M,N,A)","(2, 3, 0, 0, 1, 0, 0)",Hybrid_ETS+ARIMA
2012-07-01,asia,3557.0,6046.225266604373,2489.2252666043732,2489.2252666043732,69.98103082947353,"ETS(M,N,A)","(2, 3, 0, 0, 1, 0, 0)",Hybrid_ETS+ARIMA
2012-08-01,asia,4243.0,2704.2332606385194,-1538.7667393614806,1538.7667393614806,-36.26600846951404,"ETS(M,N,A)","(2, 3, 0, 0, 1, 0, 0)",Hybrid_ETS+ARIMA
2012-09-01,asia,4346.0,4522.90406292953,176.90406292952957,176.90406292952957,4.070503058663819,"ETS(M,N,A)","(2, 3, 0, 0, 1, 0, 0)",Hybrid_ETS+ARIMA
2012-10-01,asia,4767.0,3674.625606274263,-1092.3743937257368,1092.3743937257368,-22.915342851389486,"ETS(M,N,A)","(2, 3, 0, 0, 1, 0, 0)",Hybrid_ETS+ARIMA
2012-11-01,asia,5085.0,4216.47195909854,-868.5280409014604,868.5280409014604,-17.080197461188995,"ETS(M,N,A)","(2, 3, 0, 0, 1, 0, 0)",Hybrid_ETS+ARIMA
2012-12-01,asia,4399.0,4942.661100314961,543.661100314961,543.661100314961,12.358742903272585,"ETS(M,N,A)","(2, 3, 0, 0, 1, 0, 0)",Hybrid_ETS+ARIMA
2013-01-01,asia,4335.0,4499.366350089314,164.36635008931444,164.36635008931444,3.791611305405177,"ETS(M,N,A)","(2, 3, 0, 0, 1, 0, 0)",Hybrid_ETS+ARIMA
2013-02-01,asia,6262.0,5246.088348778044,-1015.9116512219562,1015.9116512219562,-16.223437419705462,"ETS(M,N,A)","(2, 3, 0, 0, 1, 0, 0)",Hybrid_ETS+ARIMA
2013-03-01,asia,4540.0,4969.696620805689,429.69662080568924,429.69662080568924,9.464683277658354,"ETS(M,N,A)","(2, 3, 0, 0, 1, 0, 0)",Hybrid_ETS+ARIMA
2013-04-01,asia,4613.0,3770.821818345569,-842.1781816544308,842.1781816544308,-18.25662652621788,"ETS(M,N,A)","(2, 3, 0, 0, 1, 0, 0)",Hybrid_ETS+ARIMA
2013-05-01,asia,4560.0,4296.018998698413,-263.98100130158673,263.98100130158673,-5.789057046087429,"ETS(M,N,A)","(2, 3, 0, 0, 1, 0, 0)",Hybrid_ETS+ARIMA
2013-06-01,asia,3990.0,4755.127127286017,765.1271272860167,765.1271272860167,19.176118478346286,"ETS(M,N,A)","(2, 3, 0, 0, 1, 0, 0)",Hybrid_ETS+ARIMA
2013-07-01,asia,5130.0,3750.219192229244,-1379.780807770756,1379.780807770756,-26.89631204231493,"ETS(M,N,A)","(2, 3, 0, 0, 1, 0, 0)",Hybrid_ETS+ARIMA
2013-08-01,asia,5511.0,5431.773270773553,-79.22672922644688,79.22672922644688,-1.4376107644065848,"ETS(M,N,A)","(2, 3, 0, 0, 1, 0, 0)",Hybrid_ETS+ARIMA
2013-09-01,asia,2497.0,4344.399128616565,1847.3991286165647,1847.3991286165647,73.98474684087162,"ETS(M,N,A)","(2, 3, 0, 0, 1, 0, 0)",Hybrid_ETS+ARIMA
2013-10-01,asia,4396.0,3212.0165163612655,-1183.9834836387345,1183.9834836387345,-26.933200264757378,"ETS(M,N,A)","(2, 3, 0, 0, 1, 0, 0)",Hybrid_ETS+ARIMA
2013-11-01,asia,5942.0,4642.9864046634375,-1299.0135953365625,1299.0135953365625,-21.861554953493144,"ETS(M,N,A)","(2, 3, 0, 0, 1, 0, 0)",Hybrid_ETS+ARIMA
2013-12-01,asia,4726.0,5515.416611956455,789.4166119564552,789.4166119564552,16.703694709192874,"ETS(M,N,A)","(2, 3, 0, 0, 1, 0, 0)",Hybrid_ETS+ARIMA
2014-01-01,asia,4856.0,4709.350683724261,-146.64931627573878,146.64931627573878,-3.0199612083142253,"ETS(M,N,A)","(2, 3, 0, 0, 1, 0, 0)",Hybrid_ETS+ARIMA
2014-02-01,asia,6149.0,5727.067283571385,-421.9327164286151,421.9327164286151,-6.8618103175900975,"ETS(M,N,A)","(2, 3, 0, 0, 1, 0, 0)",Hybrid_ETS+ARIMA
2014-03-01,asia,5638.0,4979.739767777987,-658.2602322220127,658.2602322220127,-11.675420933345384,"ETS(M,N,A)","(2, 3, 0, 0, 1, 0, 0)",Hybrid_ETS+ARIMA
2014-04-01,asia,4308.0,4658.913020745158,350.91302074515806,350.91302074515806,8.145613294920103,"ETS(M,N,A)","(2, 3, 0, 0, 1, 0, 0)",Hybrid_ETS+ARIMA
2014-05-01,asia,5957.0,4020.902353659314,-1936.097646340686,1936.097646340686,-32.501219512182075,"ETS(M,N,A)","(2, 3, 0, 0, 1, 0, 0)",Hybrid_ETS+ARIMA
2014-06-01,asia,16360.0,5943.838681615958,-10416.161318384042,10416.161318384042,-63.66846771628387,"ETS(M,N,A)","(2, 3, 0, 0, 1, 0, 0)",Hybrid_ETS+ARIMA
2014-07-01,asia,11052.0,10780.769432204896,-271.23056779510443,271.23056779510443,-2.4541310875416613,"ETS(M,N,A)","(2, 3, 0, 0, 1, 0, 0)",Hybrid_ETS+ARIMA
2014-08-01,asia,4791.0,6380.212485345213,1589.2124853452133,1589.2124853452133,33.17078867345467,"ETS(M,N,A)","(2, 3, 0, 0, 1, 0, 0)",Hybrid_ETS+ARIMA
2014-09-01,asia,5398.0,4923.929938274115,-474.07006172588535,474.07006172588535,-8.782327931194615,"ETS(M,N,A)","(2, 3, 0, 0, 1, 0, 0)",Hybrid_ETS+ARIMA
2014-10-01,asia,5043.0,6273.315167819261,1230.3151678192608,1230.3151678192608,24.396493512180463,"ETS(M,N,A)","(2, 3, 0, 0, 1, 0, 0)",Hybrid_ETS+ARIMA
2014-11-01,asia,5551.0,5069.651268586943,-481.34873141305707,481.34873141305707,-8.671387703351776,"ETS(M,N,A)","(2, 3, 0, 0, 1, 0, 0)",Hybrid_ETS+ARIMA
2014-12-01,asia,8282.0,6754.809413462969,-1527.1905865370309,1527.1905865370309,-18.43987667878569,"ETS(M,N,A)","(2, 3, 0, 0, 1, 0, 0)",Hybrid_ETS+ARIMA
2015-01-01,asia,2971.0,7668.005464905032,4697.005464905032,4697.005464905032,158.09510147778633,"ETS(M,N,A)","(2, 3, 0, 0, 1, 0, 0)",Hybrid_ETS+ARIMA
2015-02-01,asia,6755.0,4767.3547066164465,-1987.6452933835535,1987.6452933835535,-29.424800790282063,"ETS(M,N,A)","(2, 3, 0, 0, 1, 0, 0)",Hybrid_ETS+ARIMA
2015-03-01,asia,4235.0,7155.89160702487,2920.8916070248697,2920.8916070248697,68.97028588016221,"ETS(M,N,A)","(2, 3, 0, 0, 1, 0, 0)",Hybrid_ETS+ARIMA
2015-04-01,asia,3993.0,4177.743581125865,184.7435811258647,184.7435811258647,4.626686229047451,"ETS(M,N,A)","(2, 3, 0, 0, 1, 0, 0)",Hybrid_ETS+ARIMA
2015-05-01,asia,3985.0,5010.875670138945,1025.8756701389448,1025.8756701389448,25.7434296145281,"ETS(M,N,A)","(2, 3, 0, 0, 1, 0, 0)",Hybrid_ETS+ARIMA
2015-06-01,asia,4105.0,5456.005785330566,1351.0057853305661,1351.0057853305661,32.911224977602096,"ETS(M,N,A)","(2, 3, 0, 0, 1, 0, 0)",Hybrid_ETS+ARIMA
2015-07-01,asia,3900.0,4374.742792304654,474.74279230465436,474.74279230465436,12.172892110375754,"ETS(M,N,A)","(2, 3, 0, 0, 1, 0, 0)",Hybrid_ETS+ARIMA
2015-08-01,asia,3091.0,5506.27428707554,2415.27428707554,2415.27428707554,78.13892873101068,"ETS(M,N,A)","(2, 3, 0, 0, 1, 0, 0)",Hybrid_ETS+ARIMA
2015-09-01,asia,2914.0,3500.397368531202,586.3973685312021,586.3973685312021,20.123451219327457,"ETS(M,N,A)","(2, 3, 0, 0, 1, 0, 0)",Hybrid_ETS+ARIMA
2015-10-01,asia,4289.0,4561.940782585998,272.940782585998,272.940782585998,6.363739393471625,"ETS(M,N,A)","(2, 3, 0, 0, 1, 0, 0)",Hybrid_ETS+ARIMA
2015-11-01,asia,4958.0,4195.538481181572,-762.461518818428,762.461518818428,-15.378409012069946,"ETS(M,N,A)","(2, 3, 0, 0, 1, 0, 0)",Hybrid_ETS+ARIMA
2015-12-01,asia,4946.0,5633.889465497883,687.8894654978831,687.8894654978831,13.90799566311935,"ETS(M,N,A)","(2, 3, 0, 0, 1, 0, 0)",Hybrid_ETS+ARIMA
2016-01-01,asia,3447.0,4932.590620851903,1485.5906208519027,1485.5906208519027,43.09807429219329,"ETS(M,N,A)","(2, 3, 0, 0, 1, 0, 0)",Hybrid_ETS+ARIMA
2016-02-01,asia,7259.0,5090.72586811978,-2168.27413188022,2168.27413188022,-29.870149220005786,"ETS(M,N,A)","(2, 3, 0, 0, 1, 0, 0)",Hybrid_ETS+ARIMA
2016-03-01,asia,3980.0,5938.672329277069,1958.6723292770694,1958.6723292770694,49.21287259490124,"ETS(M,N,A)","(2, 3, 0, 0, 1, 0, 0)",Hybrid_ETS+ARIMA
2016-04-01,asia,3483.0,3445.945403521528,-37.05459647847192,37.05459647847192,-1.0638701257097882,"ETS(M,N,A)","(2, 3, 0, 0, 1, 0, 0)",Hybrid_ETS+ARIMA
2016-05-01,asia,3293.0,4006.698821107456,713.6988211074558,713.6988211074558,21.67321048003206,"ETS(M,N,A)","(2, 3, 0, 0, 1, 0, 0)",Hybrid_ETS+ARIMA
2016-06-01,asia,3125.0,4508.885377440649,1383.8853774406489,1383.8853774406489,44.28433207810076,"ETS(M,N,A)","(2, 3, 0, 0, 1, 0, 0)",Hybrid_ETS+ARIMA
2016-07-01,asia,10193.0,3334.2506347559015,-6858.749365244099,6858.749365244099,-67.28881943730109,"ETS(M,N,A)","(2, 3, 0, 0, 1, 0, 0)",Hybrid_ETS+ARIMA
2016-08-01,asia,18964.0,8720.115049146412,-10243.884950853588,10243.884950853588,-54.01753296168312,"ETS(M,N,A)","(2, 3, 0, 0, 1, 0, 0)",Hybrid_ETS+ARIMA
2016-09-01,asia,7720.0,10698.297868576388,2978.2978685763883,2978.2978685763883,38.57898793492731,"ETS(M,N,A)","(2, 3, 0, 0, 1, 0, 0)",Hybrid_ETS+ARIMA
2016-10-01,asia,3659.0,4260.306991320837,601.3069913208374,601.3069913208374,16.433642834677162,"ETS(M,N,A)","(2, 3, 0, 0, 1, 0, 0)",Hybrid_ETS+ARIMA
2016-11-01,asia,2760.0,5087.430828381208,2327.430828381208,2327.430828381208,84.32720392685536,"ETS(M,N,A)","(2, 3, 0, 0, 1, 0, 0)",Hybrid_ETS+ARIMA
2016-12-01,asia,2905.0,5230.959884666502,2325.959884666502,2325.959884666502,80.06746590934603,"ETS(M,N,A)","(2, 3, 0, 0, 1, 0, 0)",Hybrid_ETS+ARIMA
2017-01-01,asia,5991.0,4927.724480021764,-1063.275519978236,1063.275519978236,-17.747880487034486,"ETS(M,N,A)","(2, 3, 0, 0, 1, 0, 0)",Hybrid_ETS+ARIMA
2017-02-01,asia,5064.0,7599.730642360064,2535.730642360064,2535.730642360064,50.073669872829065,"ETS(M,N,A)","(2, 3, 0, 0, 1, 0, 0)",Hybrid_ETS+ARIMA
2017-03-01,asia,4350.0,4227.252763917027,-122.74723608297336,122.74723608297336,-2.8217755421373187,"ETS(M,N,A)","(2, 3, 0, 0, 1, 0, 0)",Hybrid_ETS+ARIMA
2017-04-01,asia,3816.0,5333.733412745196,1517.733412745196,1517.733412745196,39.77288817466446,"ETS(M,N,A)","(2, 3, 0, 0, 1, 0, 0)",Hybrid_ETS+ARIMA
2017-05-01,asia,2932.0,3936.207697486956,1004.207697486956,1004.207697486956,34.24992146954147,"ETS(M,N,A)","(2, 3, 0, 0, 1, 0, 0)",Hybrid_ETS+ARIMA
2017-06-01,asia,2405.0,4912.436092132984,2507.4360921329844,2507.4360921329844,104.25929697018645,"ETS(M,N,A)","(2, 3, 0, 0, 1, 0, 0)",Hybrid_ETS+ARIMA
2017-07-01,asia,3543.0,3322.151906718788,-220.8480932812122,220.8480932812122,-6.2333641908329716,"ETS(M,N,A)","(2, 3, 0, 0, 1, 0, 0)",Hybrid_ETS+ARIMA
2017-08-01,asia,3273.0,5217.959355655641,1944.959355655641,1944.959355655641,59.4243616148989,"ETS(M,N,A)","(2, 3, 0, 0, 1, 0, 0)",Hybrid_ETS+ARIMA
2017-09-01,asia,3356.0,3342.997849585258,-13.002150414742118,13.002150414742118,-0.38742998852032534,"ETS(M,N,A)","(2, 3, 0, 0, 1, 0, 0)",Hybrid_ETS+ARIMA
2017-10-01,asia,3807.0,4296.343382818208,489.34338281820783,489.34338281820783,12.853779427848904,"ETS(M,N,A)","(2, 3, 0, 0, 1, 0, 0)",Hybrid_ETS+ARIMA
2017-11-01,asia,4323.0,3746.237943566038,-576.7620564339618,576.7620564339618,-13.341708453249174,"ETS(M,N,A)","(2, 3, 0, 0, 1, 0, 0)",Hybrid_ETS+ARIMA
2017-12-01,asia,5207.0,4967.419114928127,-239.58088507187313,239.58088507187313,-4.6011308828859825,"ETS(M,N,A)","(2, 3, 0, 0, 1, 0, 0)",Hybrid_ETS+ARIMA
2018-01-01,asia,3429.0,5133.317228901703,1704.317228901703,1704.317228901703,49.70303962967929,"ETS(M,N,A)","(2, 3, 0, 0, 1, 0, 0)",Hybrid_ETS+ARIMA
2018-02-01,asia,5798.0,4502.8577256694625,-1295.1422743305375,1295.1422743305375,-22.33774188221003,"ETS(M,N,A)","(2, 3, 0, 0, 1, 0, 0)",Hybrid_ETS+ARIMA
2018-03-01,asia,4098.0,5152.526775428218,1054.5267754282177,1054.5267754282177,25.73271779961488,"ETS(M,N,A)","(2, 3, 0, 0, 1, 0, 0)",Hybrid_ETS+ARIMA
2018-04-01,asia,2413.0,3428.9291790439115,1015.9291790439115,1015.9291790439115,42.10232818250773,"ETS(M,N,A)","(2, 3, 0, 0, 1, 0, 0)",Hybrid_ETS+ARIMA
2018-05-01,asia,2356.0,3134.0411361456454,778.0411361456454,778.0411361456454,33.02381732366916,"ETS(M,N,A)","(2, 3, 0, 0, 1, 0, 0)",Hybrid_ETS+ARIMA
2018-06-01,asia,2378.0,3880.2639709727923,1502.2639709727923,1502.2639709727923,63.17342182391894,"ETS(M,N,A)","(2, 3, 0, 0, 1, 0, 0)",Hybrid_ETS+ARIMA
2018-07-01,asia,3486.0,2907.985277250397,-578.0147227496032,578.0147227496032,-16.58103048621925,"ETS(M,N,A)","(2, 3, 0, 0, 1, 0, 0)",Hybrid_ETS+ARIMA
2018-08-01,asia,3785.0,4427.893070283089,642.8930702830894,642.8930702830894,16.985285872736842,"ETS(M,N,A)","(2, 3, 0, 0, 1, 0, 0)",Hybrid_ETS+ARIMA
2018-09-01,asia,3453.0,3263.9128824531094,-189.08711754689057,189.08711754689057,-5.476024255629614,"ETS(M,N,A)","(2, 3, 0, 0, 1, 0, 0)",Hybrid_ETS+ARIMA
2018-10-01,asia,3783.0,3630.5742828445045,-152.42571715549548,152.42571715549548,-4.029228579315239,"ETS(M,N,A)","(2, 3, 0, 0, 1, 0, 0)",Hybrid_ETS+ARIMA
2018-11-01,asia,4068.0,3469.4835335988832,-598.5164664011168,598.5164664011168,-14.712794159319486,"ETS(M,N,A)","(2, 3, 0, 0, 1, 0, 0)",Hybrid_ETS+ARIMA
2018-12-01,asia,3676.0,4368.0157476798795,692.0157476798795,692.0157476798795,18.825237967352543,"ETS(M,N,A)","(2, 3, 0, 0, 1, 0, 0)",Hybrid_ETS+ARIMA
2019-01-01,asia,2997.0,4047.2570254948314,1050.2570254948314,1050.2570254948314,35.04361112762201,"ETS(M,N,A)","(2, 3, 0, 0, 1, 0, 0)",Hybrid_ETS+ARIMA
2019-02-01,asia,5411.0,4217.7713036777595,-1193.2286963222405,1193.2286963222405,-22.051907158052863,"ETS(M,N,A)","(2, 3, 0, 0, 1, 0, 0)",Hybrid_ETS+ARIMA
2019-03-01,asia,5970.0,4554.22930642953,-1415.77069357047,1415.77069357047,-23.714751986105025,"ETS(M,N,A)","(2, 3, 0, 0, 1, 0, 0)",Hybrid_ETS+ARIMA
2019-04-01,asia,2717.0,4240.062417159598,1523.0624171595982,1523.0624171595982,56.056769126227394,"ETS(M,N,A)","(2, 3, 0, 0, 1, 0, 0)",Hybrid_ETS+ARIMA
2019-05-01,asia,3466.0,2573.361535924344,-892.638464075656,892.638464075656,-25.75413918279446,"ETS(M,N,A)","(2, 3, 0, 0, 1, 0, 0)",Hybrid_ETS+ARIMA
2019-06-01,asia,2583.0,4422.623631477882,1839.6236314778816,1839.6236314778816,71.22042708005736,"ETS(M,N,A)","(2, 3, 0, 0, 1, 0, 0)",Hybrid_ETS+ARIMA
2019-07-01,asia,2765.0,2664.7419702082334,-100.2580297917666,100.2580297917666,-3.6259685277311613,"ETS(M,N,A)","(2, 3, 0, 0, 1, 0, 0)",Hybrid_ETS+ARIMA
2019-08-01,asia,3005.0,3882.5672455906415,877.5672455906415,877.5672455906415,29.203568904846637,"ETS(M,N,A)","(2, 3, 0, 0, 1, 0, 0)",Hybrid_ETS+ARIMA
2019-09-01,asia,3014.0,3064.0279384717564,50.02793847175644,50.02793847175644,1.659851973183691,"ETS(M,N,A)","(2, 3, 0, 0, 1, 0, 0)",Hybrid_ETS+ARIMA
2019-10-01,asia,2925.0,3184.507664208416,259.5076642084159,259.5076642084159,8.872056896014218,"ETS(M,N,A)","(2, 3, 0, 0, 1, 0, 0)",Hybrid_ETS+ARIMA
2019-11-01,asia,2948.0,3111.540285861867,163.54028586186678,163.54028586186678,5.547499520416105,"ETS(M,N,A)","(2, 3, 0, 0, 1, 0, 0)",Hybrid_ETS+ARIMA
2019-12-01,asia,3044.0,3543.245669609393,499.2456696093932,499.2456696093932,16.400974691504373,"ETS(M,N,A)","(2, 3, 0, 0, 1, 0, 0)",Hybrid_ETS+ARIMA
2020-01-01,asia,2655.0,3898.8612760869037,1243.8612760869037,1243.8612760869037,46.84976557766116,"ETS(M,N,A)","(2, 3, 0, 0, 1, 0, 0)",Hybrid_ETS+ARIMA
2020-02-01,asia,6006.0,3652.274172329972,-2353.725827670028,2353.725827670028,-39.189574220280186,"ETS(M,N,A)","(2, 3, 0, 0, 1, 0, 0)",Hybrid_ETS+ARIMA
2020-03-01,asia,3569.4478556683334,4926.559979941862,1357.112124273529,1357.112124273529,38.020225512425284,"ETS(M,N,A)","(2, 3, 0, 0, 1, 0, 0)",Hybrid_ETS+ARIMA
2020-04-01,asia,2710.840629796257,2268.4780851733876,-442.36254462286934,442.36254462286934,-16.31827927324952,"ETS(M,N,A)","(2, 3, 0, 0, 1, 0, 0)",Hybrid_ETS+ARIMA
2020-05-01,asia,2801.8522548151227,3206.7853701165095,404.9331153013868,404.9331153013868,14.452336471542676,"ETS(M,N,A)","(2, 3, 0, 0, 1, 0, 0)",Hybrid_ETS+ARIMA
2020-06-01,asia,3268.206712179723,3284.6854235438886,16.47871136416552,16.47871136416552,0.5042126406127806,"ETS(M,N,A)","(2, 3, 0, 0, 1, 0, 0)",Hybrid_ETS+ARIMA
2020-07-01,asia,3382.0753974466643,3189.8866358205405,-192.18876162612378,192.18876162612378,-5.682568808821318,"ETS(M,N,A)","(2, 3, 0, 0, 1, 0, 0)",Hybrid_ETS+ARIMA
2020-08-01,asia,3720.972028961771,3650.6603676488535,-70.3116613129173,70.3116613129173,-1.8896046722645137,"ETS(M,N,A)","(2, 3, 0, 0, 1, 0, 0)",Hybrid_ETS+ARIMA
2020-09-01,asia,3020.0944161276557,3242.4347374239032,222.34032129624757,222.34032129624757,7.362032130814333,"ETS(M,N,A)","(2, 3, 0, 0, 1, 0, 0)",Hybrid_ETS+ARIMA
2020-10-01,asia,2832.7259381739887,2956.29690498952,123.57096681553139,123.57096681553139,4.362263399726795,"ETS(M,N,A)","(2, 3, 0, 0, 1, 0, 0)",Hybrid_ETS+ARIMA
2020-11-01,asia,3076.967838687156,2923.747569052046,-153.22026963511007,153.22026963511007,-4.979586322243923,"ETS(M,N,A)","(2, 3, 0, 0, 1, 0, 0)",Hybrid_ETS+ARIMA
2020-12-01,asia,3261.6390004486616,3643.458291031164,381.8192905825026,381.8192905825026,11.706362676248986,"ETS(M,N,A)","(2, 3, 0, 0, 1, 0, 0)",Hybrid_ETS+ARIMA
2021-01-01,asia,3413.2754904591293,3772.537822080079,359.2623316209497,359.2623316209497,10.525441987474156,"ETS(M,N,A)","(2, 3, 0, 0, 1, 0, 0)",Hybrid_ETS+ARIMA
2021-02-01,asia,4469.983418074275,4141.796188476065,-328.18722959820934,328.18722959820934,-7.342023423872041,"ETS(M,N,A)","(2, 3, 0, 0, 1, 0, 0)",Hybrid_ETS+ARIMA
2021-03-01,asia,3569.4478556683334,3683.2068055200143,113.75894985168088,113.75894985168088,3.187018117410794,"ETS(M,N,A)","(2, 3, 0, 0, 1, 0, 0)",Hybrid_ETS+ARIMA
2021-04-01,asia,2710.840629796257,2843.8615208232723,133.0208910270153,133.0208910270153,4.9069978354652655,"ETS(M,N,A)","(2, 3, 0, 0, 1, 0, 0)",Hybrid_ETS+ARIMA
2021-05-01,asia,2801.8522548151227,2784.024581461336,-17.82767335378685,17.82767335378685,-0.6362817069725609,"ETS(M,N,A)","(2, 3, 0, 0, 1, 0, 0)",Hybrid_ETS+ARIMA
2021-06-01,asia,3268.206712179723,3393.1506148618373,124.94390268211419,124.94390268211419,3.8230110175247494,"ETS(M,N,A)","(2, 3, 0, 0, 1, 0, 0)",Hybrid_ETS+ARIMA
2021-07-01,asia,3382.0753974466643,3044.687113328383,-337.38828411828126,337.38828411828126,-9.975776541616911,"ETS(M,N,A)","(2, 3, 0, 0, 1, 0, 0)",Hybrid_ETS+ARIMA
2021-08-01,asia,3720.972028961771,3617.119662524598,-103.8523664371728,103.8523664371728,-2.7910009972891356,"ETS(M,N,A)","(2, 3, 0, 0, 1, 0, 0)",Hybrid_ETS+ARIMA
2021-09-01,asia,3020.0944161276557,3193.1459285337373,173.05151240608166,173.05151240608166,5.730003389363142,"ETS(M,N,A)","(2, 3, 0, 0, 1, 0, 0)",Hybrid_ETS+ARIMA
2021-10-01,asia,2832.7259381739887,2886.6942375249646,53.96829935097594,53.96829935097594,1.9051719272837455,"ETS(M,N,A)","(2, 3, 0, 0, 1, 0, 0)",Hybrid_ETS+ARIMA
2021-11-01,asia,3076.967838687156,2909.219520213073,-167.74831847408313,167.74831847408313,-5.4517410408051585,"ETS(M,N,A)","(2, 3, 0, 0, 1, 0, 0)",Hybrid_ETS+ARIMA
2021-12-01,asia,3261.6390004486616,3571.1478230773682,309.50882262870664,309.50882262870664,9.489364782127376,"ETS(M,N,A)","(2, 3, 0, 0, 1, 0, 0)",Hybrid_ETS+ARIMA
2022-01-01,asia,3413.2754904591293,3771.4264703474273,358.150979888298,358.150979888298,10.492882302920183,"ETS(M,N,A)","(2, 3, 0, 0, 1, 0, 0)",Hybrid_ETS+ARIMA
2022-02-01,asia,4469.983418074275,4076.498058662856,-393.4853594114188,393.4853594114188,-8.802837116137162,"ETS(M,N,A)","(2, 3, 0, 0, 1, 0, 0)",Hybrid_ETS+ARIMA
2022-03-01,asia,3569.4478556683334,3687.889813354115,118.44195768578174,118.44195768578174,3.318215098665589,"ETS(M,N,A)","(2, 3, 0, 0, 1, 0, 0)",Hybrid_ETS+ARIMA
2022-04-01,asia,2710.840629796257,2787.212374112877,76.37174431662015,76.37174431662015,2.8172716417622876,"ETS(M,N,A)","(2, 3, 0, 0, 1, 0, 0)",Hybrid_ETS+ARIMA
2022-05-01,asia,2801.8522548151227,2791.4526133792842,-10.399641435838475,10.399641435838475,-0.3711702291927126,"ETS(M,N,A)","(2, 3, 0, 0, 1, 0, 0)",Hybrid_ETS+ARIMA
2022-06-01,asia,3268.206712179723,3344.7863469939953,76.57963481427214,76.57963481427214,2.343169865262211,"ETS(M,N,A)","(2, 3, 0, 0, 1, 0, 0)",Hybrid_ETS+ARIMA
2022-07-01,asia,3382.0753974466643,3053.482486777119,-328.5929106695453,328.5929106695453,-9.715718074103853,"ETS(M,N,A)","(2, 3, 0, 0, 1, 0, 0)",Hybrid_ETS+ARIMA
2022-08-01,asia,3720.972028961771,3576.013936635776,-144.95809232599458,144.95809232599458,-3.895704971650672,"ETS(M,N,A)","(2, 3, 0, 0, 1, 0, 0)",Hybrid_ETS+ARIMA
2022-09-01,asia,3020.0944161276557,3202.4266249714146,182.33220884375896,182.33220884375896,6.037301611170954,"ETS(M,N,A)","(2, 3, 0, 0, 1, 0, 0)",Hybrid_ETS+ARIMA
2022-10-01,asia,2832.7259381739887,2851.7447014155414,19.018763241552733,19.018763241552733,0.6713943973631445,"ETS(M,N,A)","(2, 3, 0, 0, 1, 0, 0)",Hybrid_ETS+ARIMA
2022-11-01,asia,3076.967838687156,2918.7085103580594,-158.25932832909666,158.25932832909666,-5.1433533473856805,"ETS(M,N,A)","(2, 3, 0, 0, 1, 0, 0)",Hybrid_ETS+ARIMA
2022-12-01,asia,3261.6390004486616,3541.3530196764027,279.7140192277411,279.7140192277411,8.575873025471687,"ETS(M,N,A)","(2, 3, 0, 0, 1, 0, 0)",Hybrid_ETS+ARIMA
2023-01-01,asia,3413.2754904591293,3780.7051387197894,367.4296482606601,367.4296482606601,10.764722897044448,"ETS(M,N,A)","(2, 3, 0, 0, 1, 0, 0)",Hybrid_ETS+ARIMA
2023-02-01,asia,4469.983418074275,4051.2191803429373,-418.7642377313373,418.7642377313373,-9.368362218930697,"ETS(M,N,A)","(2, 3, 0, 0, 1, 0, 0)",Hybrid_ETS+ARIMA
2023-03-01,asia,3569.4478556683334,3696.8551669213975,127.40731125306411,127.40731125306411,3.5693842970906413,"ETS(M,N,A)","(2, 3, 0, 0, 1, 0, 0)",Hybrid_ETS+ARIMA
2023-04-01,asia,2710.840629796257,2765.5296543228574,54.689024526600406,54.689024526600406,2.017419391073195,"ETS(M,N,A)","(2, 3, 0, 0, 1, 0, 0)",Hybrid_ETS+ARIMA
2023-05-01,asia,2801.8522548151227,2799.99862728732,-1.853627527802928,1.853627527802928,-0.06615721884040733,"ETS(M,N,A)","(2, 3, 0, 0, 1, 0, 0)",Hybrid_ETS+ARIMA
2023-06-01,asia,1181.0,3326.2173290986566,2145.2173290986566,2145.2173290986566,181.64414302274824,"ETS(M,N,A)","(2, 3, 0, 0, 1, 0, 0)",Hybrid_ETS+ARIMA
2023-07-01,asia,1381.0,1844.643168572182,463.64316857218205,463.64316857218205,33.5730027930617,"ETS(M,N,A)","(2, 3, 0, 0, 1, 0, 0)",Hybrid_ETS+ARIMA
2023-08-01,asia,2310.0,2872.1081220322767,562.1081220322767,562.1081220322767,24.333684936462195,"ETS(M,N,A)","(2, 3, 0, 0, 1, 0, 0)",Hybrid_ETS+ARIMA
2023-09-01,asia,1836.0,2491.8475572679,655.8475572678999,655.8475572678999,35.721544513502174,"ETS(M,N,A)","(2, 3, 0, 0, 1, 0, 0)",Hybrid_ETS+ARIMA
2023-10-01,asia,1968.0,2105.55369053223,137.55369053223012,137.55369053223012,6.989516795336896,"ETS(M,N,A)","(2, 3, 0, 0, 1, 0, 0)",Hybrid_ETS+ARIMA
2023-11-01,asia,1693.0,2359.962604973803,666.9626049738031,666.9626049738031,39.395310394199825,"ETS(M,N,A)","(2, 3, 0, 0, 1, 0, 0)",Hybrid_ETS+ARIMA
2023-12-01,asia,2024.0,2469.488188337838,445.488188337838,445.488188337838,22.010285985071047,"ETS(M,N,A)","(2, 3, 0, 0, 1, 0, 0)",Hybrid_ETS+ARIMA
2024-01-01,asia,1612.0,3039.9295207912946,1427.9295207912946,1427.9295207912946,88.58123578109767,"ETS(M,N,A)","(2, 3, 0, 0, 1, 0, 0)",Hybrid_ETS+ARIMA
2024-02-01,asia,4161.0,3415.1129416620633,-745.8870583379367,745.8870583379367,-17.925668309010735,"ETS(M,N,A)","(2, 3, 0, 0, 1, 0, 0)",Hybrid_ETS+ARIMA
2024-03-01,asia,2498.0,2487.8299004252026,-10.170099574797405,10.170099574797405,-0.4071296867412892,"ETS(M,N,A)","(2, 3, 0, 0, 1, 0, 0)",Hybrid_ETS+ARIMA
2024-04-01,asia,2476.0,1699.748825585029,-776.251174414971,776.251174414971,-31.351016737276698,"ETS(M,N,A)","(2, 3, 0, 0, 1, 0, 0)",Hybrid_ETS+ARIMA
2024-05-01,asia,2613.0,1696.8279053275965,-916.1720946724035,916.1720946724035,-35.062077867294434,"ETS(M,N,A)","(2, 3, 0, 0, 1, 0, 0)",Hybrid_ETS+ARIMA
2024-06-01,asia,1957.0,2112.411441125106,155.4114411251062,155.4114411251062,7.941310226116821,"ETS(M,N,A)","(2, 3, 0, 0, 1, 0, 0)",Hybrid_ETS+ARIMA
2024-07-01,asia,2072.0,1918.2139507947868,-153.7860492052132,153.7860492052132,-7.422106621873224,"ETS(M,N,A)","(2, 3, 0, 0, 1, 0, 0)",Hybrid_ETS+ARIMA
2024-08-01,asia,2162.0,2144.566481240453,-17.43351875954704,17.43351875954704,-0.8063607196830269,"ETS(M,N,A)","(2, 3, 0, 0, 1, 0, 0)",Hybrid_ETS+ARIMA
2024-09-01,asia,2845.0,1895.4421724474776,-949.5578275525224,949.5578275525224,-33.37637355193401,"ETS(M,N,A)","(2, 3, 0, 0, 1, 0, 0)",Hybrid_ETS+ARIMA
2024-10-01,asia,2604.0,1665.8643043400257,-938.1356956599743,938.1356956599743,-36.0267164231941,"ETS(M,N,A)","(2, 3, 0, 0, 1, 0, 0)",Hybrid_ETS+ARIMA
2024-11-01,asia,5250.0,1698.2936227095215,-3551.7063772904785,3551.7063772904785,-67.65155004362816,"ETS(M,N,A)","(2, 3, 0, 0, 1, 0, 0)",Hybrid_ETS+ARIMA
2024-12-01,asia,2651.0,2165.5817107307366,-485.41828926926337,485.41828926926337,-18.310761571831886,"ETS(M,N,A)","(2, 3, 0, 0, 1, 0, 0)",Hybrid_ETS+ARIMA
