date,continent,actual,forecast,error,abs_error,pct_error,ets_model,model_type
2000-01-01,africa,1667.0,1674.3953948177723,7.395394817772285,7.395394817772285,0.4436349620739223,"ETS(M,N,M)",AutoETS
2000-02-01,africa,1538.0,1411.319730654313,-126.68026934568707,126.68026934568707,-8.236688514023866,"ETS(M,N,M)",AutoETS
2000-03-01,africa,1445.0,1418.8853808268,-26.114619173200026,26.114619173200026,-1.8072400811903133,"ETS(M,N,M)",AutoETS
2000-04-01,africa,1198.0,1119.139854793076,-78.86014520692402,78.86014520692402,-6.582649850327547,"ETS(M,N,M)",AutoETS
2000-05-01,africa,1024.0,1268.124693574033,244.12469357403302,244.12469357403302,23.84030210683916,"ETS(M,N,M)",AutoETS
2000-06-01,africa,1007.0,1135.2819117279225,128.28191172792253,128.28191172792253,12.739018046466985,"ETS(M,N,M)",AutoETS
2000-07-01,africa,1295.0,1311.3636136818245,16.363613681824518,16.363613681824518,1.2635995121100014,"ETS(M,N,M)",AutoETS
2000-08-01,africa,1251.0,1518.0062209766838,267.00622097668384,267.00622097668384,21.34342293978288,"ETS(M,N,M)",AutoETS
2000-09-01,africa,1156.0,965.8900926339184,-190.10990736608164,190.10990736608164,-16.44549371678907,"ETS(M,N,M)",AutoETS
2000-10-01,africa,1295.0,1141.5196021387706,-153.48039786122945,153.48039786122945,-11.851768174612312,"ETS(M,N,M)",AutoETS
2000-11-01,africa,1326.0,1225.6175305103873,-100.38246948961273,100.38246948961273,-7.570321982625394,"ETS(M,N,M)",AutoETS
2000-12-01,africa,1315.0,1559.3578243105308,244.35782431053076,244.35782431053076,18.582344054032756,"ETS(M,N,M)",AutoETS
2001-01-01,africa,2099.0,1598.3684035798815,-500.6315964201185,500.6315964201185,-23.850957428304838,"ETS(M,N,M)",AutoETS
2001-02-01,africa,2071.0,1538.259018439526,-532.740981560474,532.740981560474,-25.723852320640944,"ETS(M,N,M)",AutoETS
2001-03-01,africa,1933.0,1716.401621982376,-216.5983780176241,216.5983780176241,-11.205296327864671,"ETS(M,N,M)",AutoETS
2001-04-01,africa,1612.0,1418.2947617206453,-193.70523827935472,193.70523827935472,-12.016453987553021,"ETS(M,N,M)",AutoETS
2001-05-01,africa,1167.0,1652.8506963039679,485.8506963039679,485.8506963039679,41.632450411651064,"ETS(M,N,M)",AutoETS
2001-06-01,africa,1152.0,1406.6158966744895,254.61589667448948,254.61589667448948,22.10207436410499,"ETS(M,N,M)",AutoETS
2001-07-01,africa,1518.0,1572.9992267050907,54.99922670509068,54.99922670509068,3.62313746410347,"ETS(M,N,M)",AutoETS
2001-08-01,africa,1433.0,1802.438345837046,369.438345837046,369.438345837046,25.780763840687086,"ETS(M,N,M)",AutoETS
2001-09-01,africa,1085.0,1130.8901417527388,45.89014175273883,45.89014175273883,4.2295061523261595,"ETS(M,N,M)",AutoETS
2001-10-01,africa,1143.0,1206.5647796065828,63.56477960658276,63.56477960658276,5.561223062693155,"ETS(M,N,M)",AutoETS
2001-11-01,africa,1179.0,1193.5584703663872,14.558470366387155,14.558470366387155,1.234815128616383,"ETS(M,N,M)",AutoETS
2001-12-01,africa,1273.0,1457.051621719934,184.05162171993402,184.05162171993402,14.45810068499089,"ETS(M,N,M)",AutoETS
2002-01-01,africa,1598.0,1515.4571655283466,-82.54283447165335,82.54283447165335,-5.165383884333751,"ETS(M,N,M)",AutoETS
2002-02-01,africa,1479.0,1310.9734532653758,-168.02654673462416,168.02654673462416,-11.36082128023152,"ETS(M,N,M)",AutoETS
2002-03-01,africa,1372.0,1339.5592858624454,-32.44071413755455,32.44071413755455,-2.364483537722635,"ETS(M,N,M)",AutoETS
2002-04-01,africa,1046.0,1059.3056697326226,13.305669732622619,13.305669732622619,1.272052555700059,"ETS(M,N,M)",AutoETS
2002-05-01,africa,1101.0,1157.0349598953555,56.03495989535554,56.03495989535554,5.089460480958723,"ETS(M,N,M)",AutoETS
2002-06-01,africa,1242.0,1108.6035218522795,-133.39647814772047,133.39647814772047,-10.740457177755273,"ETS(M,N,M)",AutoETS
2002-07-01,africa,1579.0,1420.7897843329158,-158.21021566708419,158.21021566708419,-10.019646337370752,"ETS(M,N,M)",AutoETS
2002-08-01,africa,1518.0,1735.7131289242488,217.71312892424885,217.71312892424885,14.3421033546936,"ETS(M,N,M)",AutoETS
2002-09-01,africa,1293.0,1131.53839128855,-161.46160871145003,161.46160871145003,-12.48736339609049,"ETS(M,N,M)",AutoETS
2002-10-01,africa,1254.0,1307.6135282708453,53.613528270845336,53.613528270845336,4.27540097853631,"ETS(M,N,M)",AutoETS
2002-11-01,africa,1286.0,1300.426367690081,14.426367690080951,14.426367690080951,1.1218015311104939,"ETS(M,N,M)",AutoETS
2002-12-01,africa,1552.0,1588.2397345673598,36.23973456735985,36.23973456735985,2.335034443773186,"ETS(M,N,M)",AutoETS
2003-01-01,africa,876.0,1732.6946302770568,856.6946302770568,856.6946302770568,97.7961906708969,"ETS(M,N,M)",AutoETS
2003-02-01,africa,869.0,1141.151838722066,272.15183872206603,272.15183872206603,31.317818034760187,"ETS(M,N,M)",AutoETS
2003-03-01,africa,850.0,985.8594621555043,135.85946215550427,135.85946215550427,15.98346613594168,"ETS(M,N,M)",AutoETS
2003-04-01,africa,812.0,723.934779585124,-88.06522041487597,88.06522041487597,-10.845470494442853,"ETS(M,N,M)",AutoETS
2003-05-01,africa,1225.0,838.2472416468036,-386.75275835319644,386.75275835319644,-31.571653743118077,"ETS(M,N,M)",AutoETS
2003-06-01,africa,612.0,989.6091102431742,377.6091102431742,377.6091102431742,61.70083500705461,"ETS(M,N,M)",AutoETS
2003-07-01,africa,645.0,999.1804593244234,354.1804593244234,354.1804593244234,54.911699120065634,"ETS(M,N,M)",AutoETS
2003-08-01,africa,1404.0,979.2850942767159,-424.7149057232841,424.7149057232841,-30.250349410490323,"ETS(M,N,M)",AutoETS
2003-09-01,africa,1083.0,806.8771053568603,-276.1228946431397,276.1228946431397,-25.496112155414565,"ETS(M,N,M)",AutoETS
2003-10-01,africa,1090.0,1010.2852200135362,-79.71477998646378,79.71477998646378,-7.313282567565485,"ETS(M,N,M)",AutoETS
2003-11-01,africa,1212.0,1059.3991771888793,-152.60082281112068,152.60082281112068,-12.59082696461392,"ETS(M,N,M)",AutoETS
2003-12-01,africa,988.0,1383.7122156007385,395.71221560073855,395.71221560073855,40.051843684285274,"ETS(M,N,M)",AutoETS
2004-01-01,africa,865.0,1330.6091229294475,465.6091229294475,465.6091229294475,53.82764426930029,"ETS(M,N,M)",AutoETS
2004-02-01,africa,1032.0,948.7495732773488,-83.25042672265124,83.25042672265124,-8.066901814210393,"ETS(M,N,M)",AutoETS
2004-03-01,africa,891.0,952.9248813634917,61.92488136349175,61.92488136349175,6.950042801738693,"ETS(M,N,M)",AutoETS
2004-04-01,africa,998.0,723.9910337590876,-274.0089662409124,274.0089662409124,-27.45580824057238,"ETS(M,N,M)",AutoETS
2004-05-01,africa,1671.0,929.3775630040636,-741.6224369959364,741.6224369959364,-44.381953141588056,"ETS(M,N,M)",AutoETS
2004-06-01,africa,666.0,1233.3189079438446,567.3189079438446,567.3189079438446,85.18301921078746,"ETS(M,N,M)",AutoETS
2004-07-01,africa,697.0,1192.8571616648696,495.85716166486964,495.85716166486964,71.14163008104299,"ETS(M,N,M)",AutoETS
2004-08-01,africa,1273.0,1131.5320669473647,-141.46793305263532,141.46793305263532,-11.112956249225084,"ETS(M,N,M)",AutoETS
2004-09-01,africa,841.0,824.8678843890257,-16.132115610974324,16.132115610974324,-1.9182063746699551,"ETS(M,N,M)",AutoETS
2004-10-01,africa,817.0,903.9403551880577,86.94035518805765,86.94035518805765,10.641414343703506,"ETS(M,N,M)",AutoETS
2004-11-01,africa,1010.0,876.4934392157551,-133.50656078424493,133.50656078424493,-13.218471364776727,"ETS(M,N,M)",AutoETS
2004-12-01,africa,1522.0,1148.6228279070995,-373.37717209290054,373.37717209290054,-24.532008678902795,"ETS(M,N,M)",AutoETS
2005-01-01,africa,1419.0,1449.0077494353402,30.0077494353402,30.0077494353402,2.114711024336871,"ETS(M,N,M)",AutoETS
2005-02-01,africa,1411.0,1212.805538962755,-198.194461037245,198.194461037245,-14.046382780811125,"ETS(M,N,M)",AutoETS
2005-03-01,africa,1230.0,1257.5945865680483,27.59458656804827,27.59458656804827,2.2434623226055503,"ETS(M,N,M)",AutoETS
2005-04-01,africa,1083.0,974.4651705939506,-108.53482940604943,108.53482940604943,-10.0216832323222,"ETS(M,N,M)",AutoETS
2005-05-01,africa,2047.0,1123.710452583249,-923.289547416751,923.289547416751,-45.10452112441383,"ETS(M,N,M)",AutoETS
2005-06-01,africa,1021.0,1502.207621866278,481.20762186627803,481.20762186627803,47.13101095654045,"ETS(M,N,M)",AutoETS
2005-07-01,africa,1304.0,1566.614731433172,262.614731433172,262.614731433172,20.139166520948773,"ETS(M,N,M)",AutoETS
2005-08-01,africa,1555.0,1687.8594471256795,132.85944712567948,132.85944712567948,8.544015892326655,"ETS(M,N,M)",AutoETS
2005-09-01,africa,1135.0,1124.6176770925683,-10.382322907431671,10.382322907431671,-0.914742106381645,"ETS(M,N,M)",AutoETS
2005-10-01,africa,1316.0,1226.7607439655303,-89.23925603446969,89.23925603446969,-6.781098482862438,"ETS(M,N,M)",AutoETS
2005-11-01,africa,1529.0,1283.1158359151777,-245.88416408482226,245.88416408482226,-16.0813710977647,"ETS(M,N,M)",AutoETS
2005-12-01,africa,1785.0,1709.1559992163118,-75.84400078368822,75.84400078368822,-4.2489636293382755,"ETS(M,N,M)",AutoETS
2006-01-01,africa,2656.0,1920.4523049945024,-735.5476950054976,735.5476950054976,-27.693813817978075,"ETS(M,N,M)",AutoETS
2006-02-01,africa,1871.0,1899.2399809603712,28.239980960371213,28.239980960371213,1.5093522693945063,"ETS(M,N,M)",AutoETS
2006-03-01,africa,1948.0,1823.4948289940653,-124.5051710059347,124.5051710059347,-6.391435883261535,"ETS(M,N,M)",AutoETS
2006-04-01,africa,1823.0,1470.3627430927638,-352.6372569072362,352.6372569072362,-19.343788091455632,"ETS(M,N,M)",AutoETS
2006-05-01,africa,1536.0,1788.3805008163163,252.38050081631627,252.38050081631627,16.43102218856226,"ETS(M,N,M)",AutoETS
2006-06-01,africa,1830.0,1639.630032770849,-190.36996722915092,190.36996722915092,-10.402730449680378,"ETS(M,N,M)",AutoETS
2006-07-01,africa,1910.0,2097.745763051875,187.7457630518752,187.7457630518752,9.82962110219242,"ETS(M,N,M)",AutoETS
2006-08-01,africa,4568.0,2345.161793265694,-2222.838206734306,2222.838206734306,-48.66108158350057,"ETS(M,N,M)",AutoETS
2006-09-01,africa,2334.0,2303.0618594202265,-30.938140579773517,30.938140579773517,-1.3255415843947522,"ETS(M,N,M)",AutoETS
2006-10-01,africa,3493.0,2516.9693192865134,-976.0306807134866,976.0306807134866,-27.942475829186563,"ETS(M,N,M)",AutoETS
2006-11-01,africa,2762.0,2990.5156197672663,228.51561976726634,228.51561976726634,8.273556110328254,"ETS(M,N,M)",AutoETS
2006-12-01,africa,3021.0,3545.129113539339,524.129113539339,524.129113539339,17.349523784817574,"ETS(M,N,M)",AutoETS
2007-01-01,africa,4113.0,3649.3568155365015,-463.6431844634985,463.6431844634985,-11.272627874142925,"ETS(M,N,M)",AutoETS
2007-02-01,africa,1695.0,3257.1493501435402,1562.1493501435402,1562.1493501435402,92.16220354829146,"ETS(M,N,M)",AutoETS
2007-03-01,africa,2075.0,2475.668073351245,400.66807335124486,400.66807335124486,19.30930473981903,"ETS(M,N,M)",AutoETS
2007-04-01,africa,2064.0,1797.7657058169361,-266.23429418306387,266.23429418306387,-12.898948361582551,"ETS(M,N,M)",AutoETS
2007-05-01,africa,1209.0,2105.6202316567474,896.6202316567474,896.6202316567474,74.16213661346131,"ETS(M,N,M)",AutoETS
2007-06-01,africa,1086.0,1669.400346671884,583.4003466718841,583.4003466718841,53.72010558672966,"ETS(M,N,M)",AutoETS
2007-07-01,africa,1783.0,1714.5963859876674,-68.40361401233258,68.40361401233258,-3.8364337640119226,"ETS(M,N,M)",AutoETS
2007-08-01,africa,1799.0,2032.5443797780144,233.54437977801445,233.54437977801445,12.981899932074176,"ETS(M,N,M)",AutoETS
2007-09-01,africa,1678.0,1331.3040063583398,-346.69599364166015,346.69599364166015,-20.661263029896315,"ETS(M,N,M)",AutoETS
2007-10-01,africa,1500.0,1614.250583522221,114.25058352222095,114.25058352222095,7.616705568148063,"ETS(M,N,M)",AutoETS
2007-11-01,africa,1953.0,1583.6905392462963,-369.30946075370366,369.30946075370366,-18.90985462128539,"ETS(M,N,M)",AutoETS
2007-12-01,africa,1618.0,2145.3674659029425,527.3674659029425,527.3674659029425,32.59378652057741,"ETS(M,N,M)",AutoETS
2008-01-01,africa,2564.0,2105.4603422464716,-458.53965775352845,458.53965775352845,-17.883762002867723,"ETS(M,N,M)",AutoETS
2008-02-01,africa,1660.0,1950.687257479007,290.68725747900703,290.68725747900703,17.51128057102452,"ETS(M,N,M)",AutoETS
2008-03-01,africa,1951.0,1760.4602264713992,-190.5397735286008,190.5397735286008,-9.766262097826797,"ETS(M,N,M)",AutoETS
2008-04-01,africa,1610.0,1444.2706893696084,-165.72931063039164,165.72931063039164,-10.29374600188768,"ETS(M,N,M)",AutoETS
2008-05-01,africa,1454.0,1667.7231692471564,213.72316924715642,213.72316924715642,14.69898000324322,"ETS(M,N,M)",AutoETS
2008-06-01,africa,1137.0,1538.5953368343428,401.5953368343428,401.5953368343428,35.3206100997663,"ETS(M,N,M)",AutoETS
2008-07-01,africa,1946.0,1654.1877099068374,-291.8122900931626,291.8122900931626,-14.995492810542785,"ETS(M,N,M)",AutoETS
2008-08-01,africa,1876.0,2077.982924381382,201.98292438138196,201.98292438138196,10.766680404124838,"ETS(M,N,M)",AutoETS
2008-09-01,africa,1542.0,1372.5378523485915,-169.4621476514085,169.4621476514085,-10.989763142114688,"ETS(M,N,M)",AutoETS
2008-10-01,africa,2031.0,1573.1174643290228,-457.8825356709772,457.8825356709772,-22.544684178777803,"ETS(M,N,M)",AutoETS
2008-11-01,africa,1659.0,1800.3395984214237,141.33959842142372,141.33959842142372,8.51956590846436,"ETS(M,N,M)",AutoETS
2008-12-01,africa,1798.0,2131.7959924974452,333.79599249744524,333.79599249744524,18.56484941587571,"ETS(M,N,M)",AutoETS
2009-01-01,africa,2760.0,2185.84017047038,-574.1598295296199,574.1598295296199,-20.80289237426159,"ETS(M,N,M)",AutoETS
2009-02-01,africa,2878.0,2061.828227713043,-816.1717722869571,816.1717722869571,-28.358991392875506,"ETS(M,N,M)",AutoETS
2009-03-01,africa,2856.0,2344.638776043383,-511.36122395661687,511.36122395661687,-17.904804760385744,"ETS(M,N,M)",AutoETS
2009-04-01,africa,2014.0,2013.329259211801,-0.6707407881990548,0.6707407881990548,-0.033303912025772334,"ETS(M,N,M)",AutoETS
2009-05-01,africa,1815.0,2211.939262885989,396.93926288598914,396.93926288598914,21.869931839448437,"ETS(M,N,M)",AutoETS
2009-06-01,africa,1299.0,1991.139761070889,692.1397610708891,692.1397610708891,53.2825066259345,"ETS(M,N,M)",AutoETS
2009-07-01,africa,1378.0,2047.5829918357222,669.5829918357222,669.5829918357222,48.590928289965326,"ETS(M,N,M)",AutoETS
2009-08-01,africa,1467.0,2037.2584763413306,570.2584763413306,570.2584763413306,38.87242510847516,"ETS(M,N,M)",AutoETS
2009-09-01,africa,1524.0,1231.2586164369839,-292.74138356301614,292.74138356301614,-19.208752202297646,"ETS(M,N,M)",AutoETS
2009-10-01,africa,1612.0,1479.3636906915206,-132.63630930847944,132.63630930847944,-8.228058890104183,"ETS(M,N,M)",AutoETS
2009-11-01,africa,1509.0,1558.4121549710337,49.412154971033715,49.412154971033715,3.2744966846278136,"ETS(M,N,M)",AutoETS
2009-12-01,africa,1556.0,1885.1414744428728,329.1414744428728,329.1414744428728,21.153051056739898,"ETS(M,N,M)",AutoETS
2010-01-01,africa,2626.0,1916.5102498994838,-709.4897501005162,709.4897501005162,-27.01788842728546,"ETS(M,N,M)",AutoETS
2010-02-01,africa,2250.0,1885.3687825007855,-364.6312174992145,364.6312174992145,-16.20583188885398,"ETS(M,N,M)",AutoETS
2010-03-01,africa,2796.0,1979.5158485149755,-816.4841514850245,816.4841514850245,-29.20186521763321,"ETS(M,N,M)",AutoETS
2010-04-01,africa,1951.0,1833.801349856993,-117.19865014300694,117.19865014300694,-6.00710661932378,"ETS(M,N,M)",AutoETS
2010-05-01,africa,1704.0,2071.627034720784,367.6270347207842,367.6270347207842,21.574356497698602,"ETS(M,N,M)",AutoETS
2010-06-01,africa,1100.0,1866.5358256060235,766.5358256060235,766.5358256060235,69.68507505509305,"ETS(M,N,M)",AutoETS
2010-07-01,africa,1561.0,1855.6675798490926,294.6675798490926,294.6675798490926,18.87684688334994,"ETS(M,N,M)",AutoETS
2010-08-01,africa,1913.0,2008.2598293914266,95.25982939142659,95.25982939142659,4.9796042546485415,"ETS(M,N,M)",AutoETS
2010-09-01,africa,1381.0,1357.5347781472467,-23.465221852753302,23.465221852753302,-1.6991471290914772,"ETS(M,N,M)",AutoETS
2010-10-01,africa,1448.0,1486.181491378962,38.18149137896194,38.18149137896194,2.636843327276377,"ETS(M,N,M)",AutoETS
2010-11-01,africa,1224.0,1488.1907127510842,264.1907127510842,264.1907127510842,21.584208558095117,"ETS(M,N,M)",AutoETS
2010-12-01,africa,2059.0,1681.5277199363331,-377.47228006366686,377.47228006366686,-18.332796506248997,"ETS(M,N,M)",AutoETS
2011-01-01,africa,1909.0,2039.3506530004838,130.35065300048382,130.35065300048382,6.828216500811096,"ETS(M,N,M)",AutoETS
2011-02-01,africa,1324.0,1673.1121181757767,349.1121181757767,349.1121181757767,26.367984756478602,"ETS(M,N,M)",AutoETS
2011-03-01,africa,1512.0,1467.1279340133328,-44.87206598666717,44.87206598666717,-2.9677292319224318,"ETS(M,N,M)",AutoETS
2011-04-01,africa,1371.0,1163.7048684616539,-207.29513153834614,207.29513153834614,-15.11999500644392,"ETS(M,N,M)",AutoETS
2011-05-01,africa,1529.0,1379.5522970260322,-149.4477029739678,149.4477029739678,-9.774212097708816,"ETS(M,N,M)",AutoETS
2011-06-01,africa,1224.0,1414.6725758022271,190.67257580222713,190.67257580222713,15.577824820443393,"ETS(M,N,M)",AutoETS
2011-07-01,africa,1961.0,1618.081046534214,-342.918953465786,342.918953465786,-17.486943063018153,"ETS(M,N,M)",AutoETS
2011-08-01,africa,1338.0,2062.3672122357125,724.3672122357125,724.3672122357125,54.13805771567358,"ETS(M,N,M)",AutoETS
2011-09-01,africa,1507.0,1201.4220946953253,-305.5779053046747,305.5779053046747,-20.27723326507463,"ETS(M,N,M)",AutoETS
2011-10-01,africa,1599.0,1453.0720458440974,-145.92795415590263,145.92795415590263,-9.126201010375398,"ETS(M,N,M)",AutoETS
2011-11-01,africa,1525.0,1537.6439048600846,12.643904860084604,12.643904860084604,0.8291085154153839,"ETS(M,N,M)",AutoETS
2011-12-01,africa,2112.0,1879.9066266476273,-232.09337335237274,232.09337335237274,-10.989269571608558,"ETS(M,N,M)",AutoETS
2012-01-01,africa,2230.0,2186.4826764432255,-43.5173235567745,43.5173235567745,-1.9514494868508745,"ETS(M,N,M)",AutoETS
2012-02-01,africa,2188.0,1862.669674390908,-325.3303256090919,325.3303256090919,-14.868844863304018,"ETS(M,N,M)",AutoETS
2012-03-01,africa,2183.0,1940.932240720863,-242.0677592791369,242.0677592791369,-11.088765885439162,"ETS(M,N,M)",AutoETS
2012-04-01,africa,1703.0,1603.274163059344,-99.72583694065611,99.72583694065611,-5.855891775728486,"ETS(M,N,M)",AutoETS
2012-05-01,africa,1530.0,1809.6849893417902,279.68498934179024,279.68498934179024,18.28006466286211,"ETS(M,N,M)",AutoETS
2012-06-01,africa,3492.0,1648.34428930511,-1843.65571069489,1843.65571069489,-52.7965552890862,"ETS(M,N,M)",AutoETS
2012-07-01,africa,1435.0,3005.324015507974,1570.3240155079739,1570.3240155079739,109.43024498313407,"ETS(M,N,M)",AutoETS
2012-08-01,africa,1406.0,2685.059852645226,1279.0598526452259,1279.0598526452259,90.97154001744138,"ETS(M,N,M)",AutoETS
2012-09-01,africa,1441.0,1461.1028430812635,20.102843081263472,20.102843081263472,1.3950619764929544,"ETS(M,N,M)",AutoETS
2012-10-01,africa,1291.0,1577.517994830082,286.517994830082,286.517994830082,22.193493015498216,"ETS(M,N,M)",AutoETS
2012-11-01,africa,1439.0,1468.5468376946762,29.546837694676242,29.546837694676242,2.05328962436944,"ETS(M,N,M)",AutoETS
2012-12-01,africa,2291.0,1785.9545509852635,-505.0454490147365,505.0454490147365,-22.044759887155674,"ETS(M,N,M)",AutoETS
2013-01-01,africa,1471.0,2216.8627104773614,745.8627104773614,745.8627104773614,50.7044670616833,"ETS(M,N,M)",AutoETS
2013-02-01,africa,1524.0,1591.5086871257863,67.50868712578631,67.50868712578631,4.429703879644771,"ETS(M,N,M)",AutoETS
2013-03-01,africa,1546.0,1509.5842707528573,-36.415729247142735,36.415729247142735,-2.3554805463869815,"ETS(M,N,M)",AutoETS
2013-04-01,africa,1384.0,1194.0126333518638,-189.98736664813623,189.98736664813623,-13.727410884980943,"ETS(M,N,M)",AutoETS
2013-05-01,africa,1467.0,1404.2466821234937,-62.753317876506344,62.753317876506344,-4.277663113599615,"ETS(M,N,M)",AutoETS
2013-06-01,africa,1242.0,1401.5099675716388,159.50996757163875,159.50996757163875,12.842992558102958,"ETS(M,N,M)",AutoETS
2013-07-01,africa,3149.0,1618.2942125268326,-1530.7057874731674,1530.7057874731674,-48.609266035984994,"ETS(M,N,M)",AutoETS
2013-08-01,africa,2161.0,2678.328401434046,517.3284014340461,517.3284014340461,23.93930594326914,"ETS(M,N,M)",AutoETS
2013-09-01,africa,1255.0,1691.0438108400933,436.04381084009333,436.04381084009333,34.7445267601668,"ETS(M,N,M)",AutoETS
2013-10-01,africa,1971.0,1625.9678858763987,-345.03211412360133,345.03211412360133,-17.505434506524676,"ETS(M,N,M)",AutoETS
2013-11-01,africa,2041.0,1802.6247494654176,-238.3752505345824,238.3752505345824,-11.679336135942302,"ETS(M,N,M)",AutoETS
2013-12-01,africa,1842.0,2342.5752249304014,500.5752249304014,500.5752249304014,27.17563653259508,"ETS(M,N,M)",AutoETS
2014-01-01,africa,3043.0,2336.25310571422,-706.74689428578,706.74689428578,-23.225333364632927,"ETS(M,N,M)",AutoETS
2014-02-01,africa,2441.0,2238.900585099691,-202.09941490030906,202.09941490030906,-8.279369721438307,"ETS(M,N,M)",AutoETS
2014-03-01,africa,1806.0,2251.620235859094,445.620235859094,445.620235859094,24.67443166440166,"ETS(M,N,M)",AutoETS
2014-04-01,africa,2046.0,1606.7447495930942,-439.2552504069058,439.2552504069058,-21.46897607071876,"ETS(M,N,M)",AutoETS
2014-05-01,africa,2573.0,1979.3865030971017,-593.6134969028983,593.6134969028983,-23.07087045872127,"ETS(M,N,M)",AutoETS
2014-06-01,africa,4802.0,2195.598458541898,-2606.401541458102,2606.401541458102,-54.27741652349234,"ETS(M,N,M)",AutoETS
2014-07-01,africa,3046.0,4084.0085577143836,1038.0085577143836,1038.0085577143836,34.07775960979592,"ETS(M,N,M)",AutoETS
2014-08-01,africa,2306.0,4215.7481304774565,1909.7481304774565,1909.7481304774565,82.81648440925656,"ETS(M,N,M)",AutoETS
2014-09-01,africa,2313.0,2324.628811331987,11.62881133198698,11.62881133198698,0.502758812450799,"ETS(M,N,M)",AutoETS
2014-10-01,africa,1997.0,2519.935232694315,522.9352326943149,522.9352326943149,26.18604069575938,"ETS(M,N,M)",AutoETS
2014-11-01,africa,2368.0,2316.487238860042,-51.512761139958,51.512761139958,-2.175369980572551,"ETS(M,N,M)",AutoETS
2014-12-01,africa,3653.0,2870.7572205413217,-782.2427794586783,782.2427794586783,-21.41370871773004,"ETS(M,N,M)",AutoETS
2015-01-01,africa,2351.0,3548.7669844494285,1197.7669844494285,1197.7669844494285,50.94712821988211,"ETS(M,N,M)",AutoETS
2015-02-01,africa,1509.0,2546.3383328172117,1037.3383328172117,1037.3383328172117,68.74342828477215,"ETS(M,N,M)",AutoETS
2015-03-01,africa,1899.0,2014.9415239437556,115.94152394375556,115.94152394375556,6.105398838533731,"ETS(M,N,M)",AutoETS
2015-04-01,africa,1472.0,1536.6674128297745,64.66741282977455,64.66741282977455,4.39316663245751,"ETS(M,N,M)",AutoETS
2015-05-01,africa,1717.0,1655.9504956765202,-61.04950432347982,61.04950432347982,-3.555591399154329,"ETS(M,N,M)",AutoETS
2015-06-01,africa,1253.0,1647.4559213221592,394.45592132215916,394.45592132215916,31.48091949897519,"ETS(M,N,M)",AutoETS
2015-07-01,africa,1715.0,1789.9474869594196,74.94748695941962,74.94748695941962,4.370115857692106,"ETS(M,N,M)",AutoETS
2015-08-01,africa,1631.0,2044.572191417148,413.5721914171479,413.5721914171479,25.356970657090617,"ETS(M,N,M)",AutoETS
2015-09-01,africa,801.0,1285.3175054446474,484.3175054446474,484.3175054446474,60.46410804552402,"ETS(M,N,M)",AutoETS
2015-10-01,africa,1488.0,1161.978614191483,-326.0213858085169,326.0213858085169,-21.910039368851944,"ETS(M,N,M)",AutoETS
2015-11-01,africa,2014.0,1324.1304062536685,-689.8695937463315,689.8695937463315,-34.253703760989644,"ETS(M,N,M)",AutoETS
2015-12-01,africa,1955.0,2002.0799029523819,47.07990295238187,47.07990295238187,2.408179179149968,"ETS(M,N,M)",AutoETS
2016-01-01,africa,1896.0,2183.526431897956,287.5264318979562,287.5264318979562,15.164896197149588,"ETS(M,N,M)",AutoETS
2016-02-01,africa,1435.0,1735.756371885514,300.756371885514,300.756371885514,20.958632187143834,"ETS(M,N,M)",AutoETS
2016-03-01,africa,1223.0,1548.6644253624602,325.6644253624602,325.6644253624602,26.62832586774,"ETS(M,N,M)",AutoETS
2016-04-01,africa,867.0,1098.6065836965852,231.60658369658518,231.60658369658518,26.713562133400824,"ETS(M,N,M)",AutoETS
2016-05-01,africa,1030.0,1093.2371758816626,63.23717588166255,63.23717588166255,6.139531638996364,"ETS(M,N,M)",AutoETS
2016-06-01,africa,677.0,1042.3984018387052,365.39840183870524,365.39840183870524,53.97317604707611,"ETS(M,N,M)",AutoETS
2016-07-01,africa,2128.0,1069.887976781405,-1058.112023218595,1058.112023218595,-49.723309361776074,"ETS(M,N,M)",AutoETS
2016-08-01,africa,2721.0,1793.7777401193782,-927.2222598806218,927.2222598806218,-34.076525537692824,"ETS(M,N,M)",AutoETS
2016-09-01,africa,1609.0,1524.5616878552494,-84.43831214475063,84.43831214475063,-5.247875210985123,"ETS(M,N,M)",AutoETS
2016-10-01,africa,1053.0,1697.443327443397,644.443327443397,644.443327443397,61.200695863570466,"ETS(M,N,M)",AutoETS
2016-11-01,africa,980.0,1428.7906286275322,448.7906286275322,448.7906286275322,45.79496210485023,"ETS(M,N,M)",AutoETS
2016-12-01,africa,1094.0,1507.8611520346801,413.8611520346801,413.8611520346801,37.83008702327972,"ETS(M,N,M)",AutoETS
2017-01-01,africa,1976.0,1458.704119085148,-517.295880914852,517.295880914852,-26.178941341844737,"ETS(M,N,M)",AutoETS
2017-02-01,africa,1896.0,1426.3693099532506,-469.63069004674935,469.63069004674935,-24.769551162803236,"ETS(M,N,M)",AutoETS
2017-03-01,africa,1606.0,1581.2740566022462,-24.72594339775378,24.72594339775378,-1.5395979699722155,"ETS(M,N,M)",AutoETS
2017-04-01,africa,1442.0,1246.2825691489745,-195.71743085102548,195.71743085102548,-13.572637368309673,"ETS(M,N,M)",AutoETS
2017-05-01,africa,1097.0,1464.520962267264,367.52096226726394,367.52096226726394,33.502366660643936,"ETS(M,N,M)",AutoETS
2017-06-01,africa,905.0,1273.016576599942,368.016576599942,368.016576599942,40.664815093916246,"ETS(M,N,M)",AutoETS
2017-07-01,africa,1335.0,1349.5324141763774,14.532414176377415,14.532414176377415,1.088570350290443,"ETS(M,N,M)",AutoETS
2017-08-01,africa,1220.0,1562.956495991141,342.9564959911411,342.9564959911411,28.11118819599517,"ETS(M,N,M)",AutoETS
2017-09-01,africa,1262.0,974.106751686767,-287.893248313233,287.893248313233,-22.812460246690414,"ETS(M,N,M)",AutoETS
2017-10-01,africa,1434.0,1197.6259165627969,-236.37408343720313,236.37408343720313,-16.483548356848196,"ETS(M,N,M)",AutoETS
2017-11-01,africa,1596.0,1319.9200097872204,-276.07999021277965,276.07999021277965,-17.29824500080073,"ETS(M,N,M)",AutoETS
2017-12-01,africa,1956.0,1770.4506469996913,-185.54935300030866,185.54935300030866,-9.486163241324572,"ETS(M,N,M)",AutoETS
2018-01-01,africa,892.0,2042.7669633263674,1150.7669633263674,1150.7669633263674,129.0097492518349,"ETS(M,N,M)",AutoETS
2018-02-01,africa,1211.0,1292.1747107449908,81.17471074499076,81.17471074499076,6.703114016927396,"ETS(M,N,M)",AutoETS
2018-03-01,africa,1301.0,1214.2213994322144,-86.77860056778559,86.77860056778559,-6.670146085148778,"ETS(M,N,M)",AutoETS
2018-04-01,africa,1009.0,980.6669736512827,-28.33302634871734,28.33302634871734,-2.8080303616171793,"ETS(M,N,M)",AutoETS
2018-05-01,africa,731.0,1090.7761612504748,359.77616125047484,359.77616125047484,49.21698512318397,"ETS(M,N,M)",AutoETS
2018-06-01,africa,697.0,910.6264454062276,213.62644540622762,213.62644540622762,30.649418279229213,"ETS(M,N,M)",AutoETS
2018-07-01,africa,757.0,992.3432256925179,235.34322569251788,235.34322569251788,31.088933380781754,"ETS(M,N,M)",AutoETS
2018-08-01,africa,1361.0,1032.7643733836867,-328.2356266163133,328.2356266163133,-24.117239281139845,"ETS(M,N,M)",AutoETS
2018-09-01,africa,861.0,814.5085446249483,-46.491455375051714,46.491455375051714,-5.39970445703272,"ETS(M,N,M)",AutoETS
2018-10-01,africa,1172.0,907.3871666669927,-264.6128333330073,264.6128333330073,-22.57788680315762,"ETS(M,N,M)",AutoETS
2018-11-01,africa,1014.0,1038.6374492706984,24.637449270698426,24.637449270698426,2.4297287249209494,"ETS(M,N,M)",AutoETS
2018-12-01,africa,1549.0,1260.9217199260286,-288.0782800739714,288.0782800739714,-18.597694000901967,"ETS(M,N,M)",AutoETS
2019-01-01,africa,1589.0,1531.1046007947025,-57.89539920529751,57.89539920529751,-3.6435115925297366,"ETS(M,N,M)",AutoETS
2019-02-01,africa,1454.0,1314.913783420264,-139.08621657973595,139.08621657973595,-9.565764551563682,"ETS(M,N,M)",AutoETS
2019-03-01,africa,2122.0,1331.1007344325217,-790.8992655674783,790.8992655674783,-37.27140742542311,"ETS(M,N,M)",AutoETS
2019-04-01,africa,996.0,1317.6153311571702,321.6153311571702,321.6153311571702,32.29069589931427,"ETS(M,N,M)",AutoETS
2019-05-01,africa,610.0,1289.48257361641,679.48257361641,679.48257361641,111.39058583875574,"ETS(M,N,M)",AutoETS
2019-06-01,africa,791.0,965.7584804167223,174.75848041672225,174.75848041672225,22.093360356096365,"ETS(M,N,M)",AutoETS
2019-07-01,africa,822.0,1080.4986482163376,258.49864821633764,258.49864821633764,31.447524113909687,"ETS(M,N,M)",AutoETS
2019-08-01,africa,1070.0,1123.5415884952902,53.54158849529017,53.54158849529017,5.003886775260764,"ETS(M,N,M)",AutoETS
2019-09-01,africa,807.0,759.6820553810735,-47.317944618926504,47.317944618926504,-5.863437994910347,"ETS(M,N,M)",AutoETS
2019-10-01,africa,718.0,848.2857091678063,130.28570916780632,130.28570916780632,18.145641945376926,"ETS(M,N,M)",AutoETS
2019-11-01,africa,555.0,800.4974150644133,245.4974150644133,245.4974150644133,44.23376848007447,"ETS(M,N,M)",AutoETS
2019-12-01,africa,896.0,848.0956617518317,-47.9043382481683,47.9043382481683,-5.346466322340212,"ETS(M,N,M)",AutoETS
2020-01-01,africa,802.0,958.1631423050014,156.16314230500143,156.16314230500143,19.471713504364267,"ETS(M,N,M)",AutoETS
2020-02-01,africa,1020.0,750.5127302424514,-269.4872697575486,269.4872697575486,-26.42032056446555,"ETS(M,N,M)",AutoETS
2020-03-01,africa,1024.7974159196337,841.7390214534755,-183.05839446615823,183.05839446615823,-17.862886032151547,"ETS(M,N,M)",AutoETS
2020-04-01,africa,712.8168633818009,722.4781335331878,9.66127015138693,9.66127015138693,1.3553649819044944,"ETS(M,N,M)",AutoETS
2020-05-01,africa,689.9828860357516,788.5033118563615,98.52042582060994,98.52042582060994,14.278676734527746,"ETS(M,N,M)",AutoETS
2020-06-01,africa,638.466787815227,728.796064563035,90.32927674780797,90.32927674780797,14.147842686838294,"ETS(M,N,M)",AutoETS
2020-07-01,africa,882.8620356887695,837.8880429479317,-44.97399274083784,44.97399274083784,-5.094113340795218,"ETS(M,N,M)",AutoETS
2020-08-01,africa,1052.203196229576,998.5546218345839,-53.64857439499201,53.64857439499201,-5.098689548485903,"ETS(M,N,M)",AutoETS
2020-09-01,africa,649.1636087538027,706.3454868409684,57.18187808716573,57.18187808716573,8.80854646133624,"ETS(M,N,M)",AutoETS
2020-10-01,africa,786.051888471043,739.7152845833521,-46.3366038876909,46.3366038876909,-5.89485307106388,"ETS(M,N,M)",AutoETS
2020-11-01,africa,809.9115297417202,770.1708582690414,-39.74067147267874,39.74067147267874,-4.906791669622482,"ETS(M,N,M)",AutoETS
2020-12-01,africa,1092.3932015912446,966.889117470244,-125.50408412100069,125.50408412100069,-11.488911130001908,"ETS(M,N,M)",AutoETS
2021-01-01,africa,1287.5246002964611,1127.0929819232672,-160.43161837319394,160.43161837319394,-12.46047014062904,"ETS(M,N,M)",AutoETS
2021-02-01,africa,1001.6202791531214,1012.4552086684166,10.834929515295244,10.834929515295244,1.0817402303851384,"ETS(M,N,M)",AutoETS
2021-03-01,africa,1024.7974159196337,974.2451045566497,-50.55231136298403,50.55231136298403,-4.932907770617215,"ETS(M,N,M)",AutoETS
2021-04-01,africa,712.8168633818009,779.9264016771131,67.10953829531218,67.10953829531218,9.414695659264558,"ETS(M,N,M)",AutoETS
2021-05-01,africa,689.9828860357516,823.454857905657,133.47197186990547,133.47197186990547,19.344243831431726,"ETS(M,N,M)",AutoETS
2021-06-01,africa,638.466787815227,747.7682649512948,109.30147713606777,109.30147713606777,17.11936771372041,"ETS(M,N,M)",AutoETS
2021-07-01,africa,882.8620356887695,850.7393420235597,-32.122693665209795,32.122693665209795,-3.6384726454059275,"ETS(M,N,M)",AutoETS
2021-08-01,africa,1052.203196229576,1006.8502385686903,-45.352957660885636,45.352957660885636,-4.310285106850242,"ETS(M,N,M)",AutoETS
2021-09-01,africa,649.1636087538027,709.4937221949508,60.330113441148114,60.330113441148114,9.293514397235489,"ETS(M,N,M)",AutoETS
2021-10-01,africa,786.051888471043,741.6457040807611,-44.40618439028185,44.40618439028185,-5.649268838556796,"ETS(M,N,M)",AutoETS
2021-11-01,africa,809.9115297417202,771.2525989567414,-38.65893078497879,38.65893078497879,-4.773228848502389,"ETS(M,N,M)",AutoETS
2021-12-01,africa,1092.3932015912446,967.6491919429532,-124.74400964829147,124.74400964829147,-11.419332294139323,"ETS(M,N,M)",AutoETS
2022-01-01,africa,1287.5246002964611,1127.5619559319352,-159.9626443645259,159.9626443645259,-12.424045670870553,"ETS(M,N,M)",AutoETS
2022-02-01,africa,1001.6202791531214,1012.6261032570125,11.005824103891086,11.005824103891086,1.098802044343252,"ETS(M,N,M)",AutoETS
2022-03-01,africa,1024.7974159196337,974.355949814281,-50.44146610535279,50.44146610535279,-4.922091461373132,"ETS(M,N,M)",AutoETS
2022-04-01,africa,712.8168633818009,779.9406172520984,67.12375387029749,67.12375387029749,9.416689940785602,"ETS(M,N,M)",AutoETS
2022-05-01,africa,689.9828860357516,823.4437903807286,133.46090434497705,133.46090434497705,19.342639802527184,"ETS(M,N,M)",AutoETS
2022-06-01,africa,638.466787815227,747.7660065298275,109.29921871460044,109.29921871460044,17.119013987965143,"ETS(M,N,M)",AutoETS
2022-07-01,africa,882.8620356887695,850.7871048899701,-32.074930798799414,32.074930798799414,-3.633062641976216,"ETS(M,N,M)",AutoETS
2022-08-01,africa,1052.203196229576,1006.8833803963829,-45.31981583319305,45.31981583319305,-4.307135351383679,"ETS(M,N,M)",AutoETS
2022-09-01,africa,649.1636087538027,709.4773512030457,60.31374244924302,60.31374244924302,9.29099253807944,"ETS(M,N,M)",AutoETS
2022-10-01,africa,786.051888471043,741.6696900175072,-44.38219845353581,44.38219845353581,-5.646217394104102,"ETS(M,N,M)",AutoETS
2022-11-01,africa,809.9115297417202,771.2637045759507,-38.64782516576952,38.64782516576952,-4.771857634635015,"ETS(M,N,M)",AutoETS
2022-12-01,africa,1092.3932015912446,967.680763962821,-124.71243762842369,124.71243762842369,-11.416442124205842,"ETS(M,N,M)",AutoETS
2023-01-01,africa,1287.5246002964611,1127.5858508678298,-159.93874942863135,159.93874942863135,-12.422189788979907,"ETS(M,N,M)",AutoETS
2023-02-01,africa,1001.6202791531214,1012.5885847382884,10.968305585167059,10.968305585167059,1.0950562616844037,"ETS(M,N,M)",AutoETS
2023-03-01,africa,1024.7974159196337,974.3550538775111,-50.44236204212268,50.44236204212268,-4.922178887117574,"ETS(M,N,M)",AutoETS
2023-04-01,africa,712.8168633818009,779.906369728904,67.08950634710311,67.08950634710311,9.411885407538184,"ETS(M,N,M)",AutoETS
2023-05-01,africa,689.9828860357516,823.4032232268491,133.4203371910976,133.4203371910976,19.336760359036557,"ETS(M,N,M)",AutoETS
2023-06-01,africa,127.0,747.7477332339062,620.7477332339062,620.7477332339062,488.7777427038631,"ETS(M,N,M)",AutoETS
2023-07-01,africa,203.0,573.5623274872768,370.5623274872768,370.5623274872768,182.5430184666388,"ETS(M,N,M)",AutoETS
2023-08-01,africa,277.0,475.4795634726125,198.47956347261248,198.47956347261248,71.65327201177347,"ETS(M,N,M)",AutoETS
2023-09-01,africa,182.0,267.3726592092182,85.37265920921823,85.37265920921823,46.90805451055947,"ETS(M,N,M)",AutoETS
2023-10-01,africa,201.0,249.20059737319804,48.200597373198036,48.200597373198036,23.9803967030836,"ETS(M,N,M)",AutoETS
2023-11-01,africa,266.0,230.6698387190348,-35.3301612809652,35.3301612809652,-13.282015519159849,"ETS(M,N,M)",AutoETS
2023-12-01,africa,358.0,302.416107246249,-55.583892753751,55.583892753751,-15.526227026187431,"ETS(M,N,M)",AutoETS
2024-01-01,africa,303.0,360.5428673986535,57.54286739865353,57.54286739865353,18.991045346090274,"ETS(M,N,M)",AutoETS
2024-02-01,africa,446.0,304.51860180043843,-141.48139819956157,141.48139819956157,-31.722286591829945,"ETS(M,N,M)",AutoETS
2024-03-01,africa,337.0,294.4468934270976,-42.55310657290238,42.55310657290238,-12.62703459136569,"ETS(M,N,M)",AutoETS
2024-04-01,africa,402.0,230.3630533178337,-171.6369466821663,171.6369466821663,-42.69575788113589,"ETS(M,N,M)",AutoETS
2024-05-01,africa,397.0,252.89464500791237,-144.10535499208763,144.10535499208763,-36.298578083649275,"ETS(M,N,M)",AutoETS
2024-06-01,africa,225.0,247.47025270282293,22.470252702822933,22.470252702822933,9.986778979032415,"ETS(M,N,M)",AutoETS
2024-07-01,africa,259.0,301.2070695706196,42.20706957061958,42.20706957061958,16.29616585738208,"ETS(M,N,M)",AutoETS
2024-08-01,africa,260.0,350.60945961007343,90.60945961007343,90.60945961007343,34.84979215772055,"ETS(M,N,M)",AutoETS
2024-09-01,africa,302.0,242.19108484207842,-59.808915157921575,59.808915157921575,-19.80427654235814,"ETS(M,N,M)",AutoETS
2024-10-01,africa,342.0,263.1667294246129,-78.83327057538708,78.83327057538708,-23.050663910931892,"ETS(M,N,M)",AutoETS
2024-11-01,africa,546.0,266.5910373727887,-279.4089626272113,279.4089626272113,-51.17380267897642,"ETS(M,N,M)",AutoETS
2024-12-01,africa,439.0,327.19241478723563,-111.80758521276437,111.80758521276437,-25.468698226142223,"ETS(M,N,M)",AutoETS
