date,continent,actual,forecast
2000-01-01,Africa,1667.0,0.0
2000-02-01,Africa,1538.0,1541.3703324775563
2000-03-01,Africa,1445.0,1498.5083646892176
2000-04-01,Africa,1198.0,1463.9228739236582
2000-05-01,Africa,1024.0,1317.2175568979674
2000-06-01,Africa,1007.0,1214.544853398124
2000-07-01,Africa,1295.0,1139.2033866180602
2000-08-01,Africa,1251.0,1255.4844400232005
2000-09-01,Africa,1156.0,1208.180473427331
2000-10-01,Africa,1295.0,1202.2790679616355
2000-11-01,Africa,1326.0,1226.0675711625918
2000-12-01,Africa,1315.0,1278.2925427615553
2001-01-01,Africa,2099.0,1287.9395631888244
2001-02-01,Africa,2071.0,1656.060546366332
2001-03-01,Africa,1933.0,1669.0018437129468
2001-04-01,Africa,1612.0,1723.0657165055711
2001-05-01,Africa,1167.0,1539.148623772179
2001-06-01,Africa,1152.0,1411.4449168832386
2001-07-01,Africa,1518.0,1330.9966449737567
2001-08-01,Africa,1433.0,1487.8609870203304
2001-09-01,Africa,1085.0,1366.7742741425686
2001-10-01,Africa,1143.0,1304.6268586830502
2001-11-01,Africa,1179.0,1221.8049110160564
2001-12-01,Africa,1273.0,1269.3624677512312
2002-01-01,Africa,1598.0,1379.0259176731777
2002-02-01,Africa,1479.0,1476.043967008238
2002-03-01,Africa,1372.0,1369.6842106852566
2002-04-01,Africa,1046.0,1309.1766611664436
2002-05-01,Africa,1101.0,1054.1239131588532
2002-06-01,Africa,1242.0,1142.6763402168165
2002-07-01,Africa,1579.0,1229.0198909972812
2002-08-01,Africa,1518.0,1397.5736596387242
2002-09-01,Africa,1293.0,1284.7994852223285
2002-10-01,Africa,1254.0,1341.1045760940308
2002-11-01,Africa,1286.0,1248.806151247756
2002-12-01,Africa,1552.0,1322.8980846295497
2003-01-01,Africa,876.0,1564.6054980883112
2003-02-01,Africa,869.0,1211.0268420547957
2003-03-01,Africa,850.0,1094.534381548773
2003-04-01,Africa,812.0,926.0148279481076
2003-05-01,Africa,1225.0,833.1086901873061
2003-06-01,Africa,612.0,1041.2542752075535
2003-07-01,Africa,645.0,877.7722577043342
2003-08-01,Africa,1404.0,830.6307218676013
2003-09-01,Africa,1083.0,1005.6221409556024
2003-10-01,Africa,1090.0,975.1007796909504
2003-11-01,Africa,1212.0,1019.7611149451424
2003-12-01,Africa,988.0,1123.788181472377
2004-01-01,Africa,865.0,1016.384397465068
2004-02-01,Africa,1032.0,935.0361026975288
2004-03-01,Africa,891.0,970.3333626520528
2004-04-01,Africa,998.0,842.1558152169237
2004-05-01,Africa,1671.0,986.5928350628672
2004-06-01,Africa,666.0,1228.29292098322
2004-07-01,Africa,697.0,916.0151252917192
2004-08-01,Africa,1273.0,990.8340201369768
2004-09-01,Africa,841.0,1025.594008788432
2004-10-01,Africa,817.0,921.311356640408
2004-11-01,Africa,1010.0,893.3985264744633
2004-12-01,Africa,1522.0,1001.2339211898586
2005-01-01,Africa,1419.0,1061.6085657496196
2005-02-01,Africa,1411.0,1164.483425029155
2005-03-01,Africa,1230.0,1193.1192938595316
2005-04-01,Africa,1083.0,1160.0427575852675
2005-05-01,Africa,2047.0,1265.3014773803145
2005-06-01,Africa,1021.0,1402.0319617723128
2005-07-01,Africa,1304.0,1076.0296852289644
2005-08-01,Africa,1555.0,1497.6762235083431
2005-09-01,Africa,1135.0,1289.8814472395834
2005-10-01,Africa,1316.0,1274.858941297938
2005-11-01,Africa,1529.0,1281.0077377930882
2005-12-01,Africa,1785.0,1455.2967454046156
2006-01-01,Africa,2656.0,1466.7881910401386
2006-02-01,Africa,1871.0,2054.4918673805023
2006-03-01,Africa,1948.0,1637.8825958464756
2006-04-01,Africa,1823.0,1900.3596376928983
2006-05-01,Africa,1536.0,1910.212014120052
2006-06-01,Africa,1830.0,1542.3037932647785
2006-07-01,Africa,1910.0,1642.8355961826037
2006-08-01,Africa,4568.0,1948.391840977153
2006-09-01,Africa,2334.0,2926.8201982884398
2006-10-01,Africa,3493.0,2229.2062137009225
2006-11-01,Africa,2762.0,3027.577439501949
2006-12-01,Africa,3021.0,2641.4588205203554
2007-01-01,Africa,4113.0,3106.998311609859
2007-02-01,Africa,1695.0,3190.2197639017268
2007-03-01,Africa,2075.0,2452.447891521048
2007-04-01,Africa,2064.0,2318.1008271970954
2007-05-01,Africa,1209.0,2462.3920693326218
2007-06-01,Africa,1086.0,1676.7286202425014
2007-07-01,Africa,1783.0,1714.2156907688773
2007-08-01,Africa,1799.0,2097.240477161622
2007-09-01,Africa,1678.0,1681.1298746497955
2007-10-01,Africa,1500.0,1829.927659127227
2007-11-01,Africa,1953.0,1661.6372739740425
2007-12-01,Africa,1618.0,1899.886098577408
2008-01-01,Africa,2564.0,2007.6373085539728
2008-02-01,Africa,1660.0,1898.471472141839
2008-03-01,Africa,1951.0,1699.0550589496072
2008-04-01,Africa,1610.0,1881.6058741606616
2008-05-01,Africa,1454.0,1464.451005534794
2008-06-01,Africa,1137.0,1629.0102992773984
2008-07-01,Africa,1946.0,1379.064332580348
2008-08-01,Africa,1876.0,2361.637210387308
2008-09-01,Africa,1542.0,1440.2050743896327
2008-10-01,Africa,2031.0,1923.1677153704984
2008-11-01,Africa,1659.0,1682.6368640062196
2008-12-01,Africa,1798.0,1824.1871499689216
2009-01-01,Africa,2760.0,1977.2323107629184
2009-02-01,Africa,2878.0,1897.5379873632776
2009-03-01,Africa,2856.0,2187.763320391269
2009-04-01,Africa,2014.0,2428.196968398768
2009-05-01,Africa,1815.0,1782.6976987374248
2009-06-01,Africa,1299.0,1914.1253799532428
2009-07-01,Africa,1378.0,1680.2951612854772
2009-08-01,Africa,1467.0,1775.1500404493886
2009-09-01,Africa,1524.0,1446.7975220615645
2009-10-01,Africa,1612.0,1698.250828522982
2009-11-01,Africa,1509.0,1535.183577510807
2009-12-01,Africa,1556.0,1623.3183038478649
2010-01-01,Africa,2626.0,1738.875123279571
2010-02-01,Africa,2250.0,2127.8462114248314
2010-03-01,Africa,2796.0,1939.4173142255872
2010-04-01,Africa,1951.0,2311.129208528569
2010-05-01,Africa,1704.0,1747.949123891162
2010-06-01,Africa,1100.0,1843.924158189401
2010-07-01,Africa,1561.0,1442.0609078253815
2010-08-01,Africa,1913.0,1818.079934241828
2010-09-01,Africa,1381.0,1549.766496495954
2010-10-01,Africa,1448.0,1772.990924842603
2010-11-01,Africa,1224.0,1345.7122450451195
2010-12-01,Africa,2059.0,1550.4408862532669
2011-01-01,Africa,1909.0,1936.4214872639016
2011-02-01,Africa,1324.0,1969.6223169627792
2011-03-01,Africa,1512.0,1581.4332469116905
2011-04-01,Africa,1371.0,1503.6023849714131
2011-05-01,Africa,1529.0,1244.355853782764
2011-06-01,Africa,1224.0,1360.325962954215
2011-07-01,Africa,1961.0,1173.060557638818
2011-08-01,Africa,1338.0,1757.503316520397
2011-09-01,Africa,1507.0,1215.2876146808103
2011-10-01,Africa,1599.0,1615.1442763156235
2011-11-01,Africa,1525.0,1303.632235187332
2011-12-01,Africa,2112.0,1703.7648326967228
2012-01-01,Africa,2230.0,1852.2429258881173
2012-02-01,Africa,2188.0,1994.0524984710603
2012-03-01,Africa,2183.0,1972.2668318740305
2012-04-01,Africa,1703.0,1995.777096788273
2012-05-01,Africa,1530.0,1622.3217273283294
2012-06-01,Africa,3492.0,1605.3185789325507
2012-07-01,Africa,1435.0,2532.150609499018
2012-08-01,Africa,1406.0,1785.8534278014756
2012-09-01,Africa,1441.0,1664.3185300789498
2012-10-01,Africa,1291.0,1578.978599059801
2012-11-01,Africa,1439.0,1470.3755670428425
2012-12-01,Africa,2291.0,1680.474607984714
2013-01-01,Africa,1471.0,1987.7707723395604
2013-02-01,Africa,1524.0,1463.3996406162491
2013-03-01,Africa,1546.0,1672.0047790990666
2013-04-01,Africa,1384.0,1414.916722033298
2013-05-01,Africa,1467.0,1523.528772362636
2013-06-01,Africa,1242.0,1548.9551500595037
2013-07-01,Africa,3149.0,1415.6221041943957
2013-08-01,Africa,2161.0,2074.661705109759
2013-09-01,Africa,1255.0,1886.8136254012063
2013-10-01,Africa,1971.0,1582.9643215083895
2013-11-01,Africa,2041.0,1813.817570747928
2013-12-01,Africa,1842.0,2064.338921972715
2014-01-01,Africa,3043.0,1851.478174923448
2014-02-01,Africa,2441.0,2433.673901499804
2014-03-01,Africa,1806.0,2194.611060839826
2014-04-01,Africa,2046.0,1943.058210644961
2014-05-01,Africa,2573.0,1933.7824660899155
2014-06-01,Africa,4802.0,2631.740651070702
2014-07-01,Africa,3046.0,3286.893612265618
2014-08-01,Africa,2306.0,2700.46819469361
2014-09-01,Africa,2313.0,2464.883201162086
2014-10-01,Africa,1997.0,2404.258688539303
2014-11-01,Africa,2368.0,2311.8872027771645
2014-12-01,Africa,3653.0,2489.894990849372
2015-01-01,Africa,2351.0,3017.206946332773
2015-02-01,Africa,1509.0,2386.0128905813112
2015-03-01,Africa,1899.0,2077.726632134246
2015-04-01,Africa,1472.0,2002.715477363016
2015-05-01,Africa,1717.0,1926.8081513383693
2015-06-01,Africa,1253.0,2042.3561184134312
2015-07-01,Africa,1715.0,1924.8645266453168
2015-08-01,Africa,1631.0,1639.9567596301897
2015-09-01,Africa,801.0,1487.9013936739289
2015-10-01,Africa,1488.0,1264.2391409316572
2015-11-01,Africa,2014.0,1548.281690694549
2015-12-01,Africa,1955.0,1787.2010003626065
2016-01-01,Africa,1896.0,1927.7437330443904
2016-02-01,Africa,1435.0,1622.207936668266
2016-03-01,Africa,1223.0,1472.7798635376632
2016-04-01,Africa,867.0,1344.6344594853288
2016-05-01,Africa,1030.0,1309.531206387876
2016-06-01,Africa,677.0,1624.4274512937902
2016-07-01,Africa,2128.0,926.4152960115208
2016-08-01,Africa,2721.0,1502.3702192517328
2016-09-01,Africa,1609.0,1739.191504594524
2016-10-01,Africa,1053.0,1558.4686644915168
2016-11-01,Africa,980.0,1400.5428740956986
2016-12-01,Africa,1094.0,1555.7688524074006
2017-01-01,Africa,1976.0,1092.205887773329
2017-02-01,Africa,1896.0,1406.923631298584
2017-03-01,Africa,1606.0,1482.6409730240905
2017-04-01,Africa,1442.0,1409.6129531689762
2017-05-01,Africa,1097.0,1377.9047260272223
2017-06-01,Africa,905.0,1162.4446008507905
2017-07-01,Africa,1335.0,1268.613409961573
2017-08-01,Africa,1220.0,1434.3822898933995
2017-09-01,Africa,1262.0,972.8650609535928
2017-10-01,Africa,1434.0,1275.5390367857117
2017-11-01,Africa,1596.0,1324.4409615927675
2017-12-01,Africa,1956.0,1493.4322791298328
2018-01-01,Africa,892.0,1670.1620344527569
2018-02-01,Africa,1211.0,1173.911281398917
2018-03-01,Africa,1301.0,1199.200375553222
2018-04-01,Africa,1009.0,1143.0791291843757
2018-05-01,Africa,731.0,1063.5806051744387
2018-06-01,Africa,697.0,820.1978392072406
2018-07-01,Africa,757.0,1154.7110923577825
2018-08-01,Africa,1361.0,1074.273725206955
2018-09-01,Africa,861.0,1075.186675898962
2018-10-01,Africa,1172.0,793.1704648256023
2018-11-01,Africa,1014.0,1061.1922005111232
2018-12-01,Africa,1549.0,963.705406415266
2019-01-01,Africa,1589.0,1384.4527850101802
2019-02-01,Africa,1454.0,1301.4935439897242
2019-03-01,Africa,2122.0,1384.8565046318083
2019-04-01,Africa,996.0,1532.6861939752357
2019-05-01,Africa,610.0,1123.9046391580266
2019-06-01,Africa,791.0,868.1023135425188
2019-07-01,Africa,822.0,1021.5629344742862
2019-08-01,Africa,1070.0,951.6487077949882
2019-09-01,Africa,807.0,1024.6505936058702
2019-10-01,Africa,718.0,924.8811993423068
2019-11-01,Africa,555.0,919.6698186451804
2019-12-01,Africa,896.0,856.2289788536131
2020-01-01,Africa,802.0,773.4540138718298
2020-02-01,Africa,1020.0,771.600862329798
2020-03-01,Africa,461.0,1127.9187795162356
2020-04-01,Africa,0.0,521.8131180820648
2020-05-01,Africa,0.0,356.302178719881
2020-06-01,Africa,0.0,199.54325219939523
2020-07-01,Africa,0.0,263.2849211479486
2020-08-01,Africa,4.0,249.2627757943968
2020-09-01,Africa,6.0,123.71218283362576
2020-10-01,Africa,8.0,96.12810457661718
2020-11-01,Africa,25.0,91.11766195431636
2020-12-01,Africa,80.0,167.375349013234
2021-01-01,Africa,39.0,191.11504004529223
2021-02-01,Africa,6.0,85.95821300964687
2021-03-01,Africa,6.0,185.37545498440943
2021-04-01,Africa,11.0,-203.5853614567289
2021-05-01,Africa,4.0,-98.69256125791571
2021-06-01,Africa,15.0,-94.1892912444696
2021-07-01,Africa,17.0,5.667708184816078
2021-08-01,Africa,19.0,-7.707819072652001
2021-09-01,Africa,19.0,3.947109817540621
2021-10-01,Africa,65.0,-57.97706162209067
2021-11-01,Africa,36.0,16.43441629793699
2021-12-01,Africa,52.0,36.85523947955252
2022-01-01,Africa,85.0,65.03230346389313
2022-02-01,Africa,41.0,69.8431290950875
2022-03-01,Africa,138.0,-35.768947341829005
2022-04-01,Africa,107.0,-74.98041528488068
2022-05-01,Africa,132.0,13.846812121013912
2022-06-01,Africa,99.0,17.0040064863867
2022-07-01,Africa,85.0,60.42117190202472
2022-08-01,Africa,89.0,35.74591138528204
2022-09-01,Africa,223.0,78.71170899206847
2022-10-01,Africa,152.0,122.07816953504177
2022-11-01,Africa,234.0,130.88802116904958
2022-12-01,Africa,306.0,172.61935442708403
2023-01-01,Africa,304.0,223.04328014419147
2023-02-01,Africa,337.0,217.5750703036616
2023-03-01,Africa,255.0,278.9388054418404
2023-04-01,Africa,261.0,232.17675841618225
2023-05-01,Africa,255.0,166.58981060833827
2023-06-01,Africa,127.0,185.08856787324945
2023-07-01,Africa,203.0,153.22536231212936
2023-08-01,Africa,277.0,175.87854544357285
2023-09-01,Africa,182.0,232.8001985119529
2023-10-01,Africa,201.0,187.559902687366
2023-11-01,Africa,266.0,209.5885482240736
2023-12-01,Africa,358.0,233.2810900347953
2000-01-01,Asia,2902.0,0.0
2000-02-01,Asia,2552.0,2509.3463098058714
2000-03-01,Asia,2392.0,2291.4097346624817
2000-04-01,Asia,2069.0,2335.85465750959
2000-05-01,Asia,1758.0,2107.3998756786914
2000-06-01,Asia,1649.0,1960.8250682715504
2000-07-01,Asia,2062.0,1877.604931753897
2000-08-01,Asia,1991.0,2100.2665820528214
2000-09-01,Asia,1849.0,1950.280938665026
2000-10-01,Asia,2067.0,1919.0258223696517
2000-11-01,Asia,2132.0,2038.5497915202457
2000-12-01,Asia,2149.0,2054.0266329703945
2001-01-01,Asia,3574.0,2107.078579407087
2001-02-01,Asia,3385.0,2907.0225197125087
2001-03-01,Asia,3167.0,2585.3266459880456
2001-04-01,Asia,2766.0,2699.6105220224413
2001-05-01,Asia,1992.0,2462.3808823635445
2001-06-01,Asia,1882.0,2125.0689979674994
2001-07-01,Asia,2415.0,2188.354716878318
2001-08-01,Asia,2262.0,2399.0293543357825
2001-09-01,Asia,1747.0,2198.004883754392
2001-10-01,Asia,1822.0,1986.950166160968
2001-11-01,Asia,1876.0,2058.94016400808
2001-12-01,Asia,2093.0,2020.0337144300904
2002-01-01,Asia,2357.0,2286.1780691568893
2002-02-01,Asia,1995.0,2243.642080971563
2002-03-01,Asia,1783.0,2021.5855742433853
2002-04-01,Asia,1342.0,1903.9764652557928
2002-05-01,Asia,1401.0,1556.43241664947
2002-06-01,Asia,1578.0,1657.3575691673277
2002-07-01,Asia,2014.0,1740.7852390703083
2002-08-01,Asia,1926.0,1908.9789673245075
2002-09-01,Asia,1645.0,1745.5759965555112
2002-10-01,Asia,1601.0,1692.595110708171
2002-11-01,Asia,1652.0,1678.4057584688258
2002-12-01,Asia,2071.0,1724.0072298654532
2003-01-01,Asia,1880.0,2086.7815993922004
2003-02-01,Asia,2089.0,1750.6778116330047
2003-03-01,Asia,1355.0,1984.0634418516825
2003-04-01,Asia,933.0,1376.6857217039642
2003-05-01,Asia,1200.0,1281.2104699931533
2003-06-01,Asia,1236.0,1401.4252527725675
2003-07-01,Asia,1121.0,1427.2898522508722
2003-08-01,Asia,1512.0,1279.919271464674
2003-09-01,Asia,1227.0,1467.077293118048
2003-10-01,Asia,1081.0,1240.449829603023
2003-11-01,Asia,914.0,1246.836758239957
2003-12-01,Asia,1281.0,1167.3860320167532
2004-01-01,Asia,3478.0,1468.9928137502118
2004-02-01,Asia,2820.0,2594.829517541663
2004-03-01,Asia,1576.0,1834.4018465012105
2004-04-01,Asia,1058.0,1477.6862226264163
2004-05-01,Asia,1680.0,1284.4907965894067
2004-06-01,Asia,1729.0,1684.3090077763902
2004-07-01,Asia,1414.0,1617.4023633128847
2004-08-01,Asia,2198.0,1482.4457178927914
2004-09-01,Asia,1778.0,1907.844204368512
2004-10-01,Asia,1386.0,1537.8371831292584
2004-11-01,Asia,1117.0,1485.1070156978496
2004-12-01,Asia,1620.0,1393.8121743167844
2005-01-01,Asia,3851.0,1928.6996440803568
2005-02-01,Asia,2864.0,2908.870369518588
2005-03-01,Asia,1602.0,1936.0342135970243
2005-04-01,Asia,1168.0,1616.3654330759905
2005-05-01,Asia,1872.0,1488.5486735620311
2005-06-01,Asia,1985.0,1892.8985503012716
2005-07-01,Asia,1975.0,1817.9430825458687
2005-08-01,Asia,2057.0,1937.88324933269
2005-09-01,Asia,1665.0,1839.9702274940587
2005-10-01,Asia,1495.0,1645.2261267259898
2005-11-01,Asia,1381.0,1588.666494427968
2005-12-01,Asia,1583.0,1615.0593761668465
2006-01-01,Asia,3701.0,2053.1356303305
2006-02-01,Asia,3254.0,2907.127047335311
2006-03-01,Asia,2500.0,2213.1719137515365
2006-04-01,Asia,1983.0,2101.1242417753265
2006-05-01,Asia,2644.0,1974.1368138241216
2006-06-01,Asia,1930.0,2424.027045074199
2006-07-01,Asia,2032.0,1870.9911325865392
2006-08-01,Asia,1911.0,2213.851972856781
2006-09-01,Asia,3643.0,1844.950452482641
2006-10-01,Asia,1685.0,2996.2638052848924
2006-11-01,Asia,1988.0,1449.4832226029848
2006-12-01,Asia,1799.0,2375.702644063846
2007-01-01,Asia,3266.0,2274.8477266535515
2007-02-01,Asia,2720.0,2936.688693003654
2007-03-01,Asia,2126.0,2147.54590519219
2007-04-01,Asia,2339.0,2056.815455750712
2007-05-01,Asia,1673.0,2329.151472455562
2007-06-01,Asia,1645.0,1762.6156953104808
2007-07-01,Asia,1454.0,1964.81171318598
2007-08-01,Asia,2101.0,1732.9210098250687
2007-09-01,Asia,2372.0,2190.009247491654
2007-10-01,Asia,1621.0,1959.7972380562303
2007-11-01,Asia,1961.0,1670.666988234998
2007-12-01,Asia,1753.0,2031.7001061228232
2008-01-01,Asia,2880.0,2232.2813757535414
2008-02-01,Asia,3834.0,2558.329102632299
2008-03-01,Asia,2870.0,2809.6890511647125
2008-04-01,Asia,2235.0,2222.557732312192
2008-05-01,Asia,2176.0,2227.137236274796
2008-06-01,Asia,1758.0,2137.6355016824696
2008-07-01,Asia,1516.0,1921.126149967254
2008-08-01,Asia,2331.0,1896.366704931599
2008-09-01,Asia,2421.0,2362.30797038062
2008-10-01,Asia,2161.0,2007.3988511601951
2008-11-01,Asia,2932.0,2088.3843852991845
2008-12-01,Asia,2414.0,2557.730485069844
2009-01-01,Asia,1744.0,2608.181627434281
2009-02-01,Asia,2455.0,2069.3881423159537
2009-03-01,Asia,3616.0,2355.371752896494
2009-04-01,Asia,2102.0,2816.5244382791034
2009-05-01,Asia,1378.0,1896.1291672287948
2009-06-01,Asia,1581.0,1788.4004969940004
2009-07-01,Asia,1402.0,1841.9720974610325
2009-08-01,Asia,2041.0,1775.3105686789222
2009-09-01,Asia,2109.0,2150.382257716325
2009-10-01,Asia,2076.0,1822.9855897288603
2009-11-01,Asia,2244.0,2059.023261411466
2009-12-01,Asia,2542.0,2047.593293642296
2010-01-01,Asia,2273.0,2601.9553566317013
2010-02-01,Asia,4581.0,2200.5545452227984
2010-03-01,Asia,3851.0,3618.330149981061
2010-04-01,Asia,1775.0,2578.1319156192853
2010-05-01,Asia,2337.0,1948.8007152249745
2010-06-01,Asia,2176.0,2448.039652366414
2010-07-01,Asia,1762.0,2089.678940014688
2010-08-01,Asia,2318.0,2136.2890179702204
2010-09-01,Asia,2563.0,2407.6061377953024
2010-10-01,Asia,2041.0,2261.353163853674
2010-11-01,Asia,2273.0,2127.942807453632
2010-12-01,Asia,3488.0,2301.2764059604897
2011-01-01,Asia,2456.0,3200.0895024559973
2011-02-01,Asia,3070.0,2444.2022686594582
2011-03-01,Asia,4197.0,2935.5181965344395
2011-04-01,Asia,3002.0,3094.7437018602727
2011-05-01,Asia,3912.0,2534.803579359128
2011-06-01,Asia,2770.0,3340.9198332108235
2011-07-01,Asia,3110.0,2379.494700388752
2011-08-01,Asia,3121.0,3190.0198203514533
2011-09-01,Asia,2879.0,2894.4562396237297
2011-10-01,Asia,3034.0,2727.426966918689
2011-11-01,Asia,3905.0,2975.9630906672287
2011-12-01,Asia,3694.0,3495.737033959325
2012-01-01,Asia,3676.0,3353.177394574008
2012-02-01,Asia,6401.0,3636.362353444747
2012-03-01,Asia,4673.0,5102.892264747763
2012-04-01,Asia,3868.0,3357.983685008859
2012-05-01,Asia,3587.0,3885.707924377266
2012-06-01,Asia,7993.0,3354.104541750362
2012-07-01,Asia,3557.0,6223.136251780412
2012-08-01,Asia,4243.0,2878.5155247771168
2012-09-01,Asia,4346.0,4748.48579245853
2012-10-01,Asia,4767.0,3810.571763919084
2012-11-01,Asia,5085.0,4641.158164261027
2012-12-01,Asia,4399.0,4561.666327292392
2013-01-01,Asia,4335.0,4353.976264884332
2013-02-01,Asia,6262.0,4730.672419960798
2013-03-01,Asia,4540.0,5456.191045729231
2013-04-01,Asia,4613.0,3905.599213408581
2013-05-01,Asia,4560.0,4700.829201964855
2013-06-01,Asia,3990.0,4534.487339392948
2013-07-01,Asia,5130.0,3877.3568889574576
2013-08-01,Asia,5511.0,4972.766810030032
2013-09-01,Asia,2497.0,4794.5946238415645
2013-10-01,Asia,4396.0,3092.867813881776
2013-11-01,Asia,5942.0,4881.97449323053
2013-12-01,Asia,4726.0,4973.23301548343
2014-01-01,Asia,4856.0,4446.174205533594
2014-02-01,Asia,6149.0,5191.002123878201
2014-03-01,Asia,5638.0,5302.618094814847
2014-04-01,Asia,4308.0,4806.092523840564
2014-05-01,Asia,5957.0,4365.159069722504
2014-06-01,Asia,16360.0,5631.259276259761
2014-07-01,Asia,11052.0,11232.7620638328
2014-08-01,Asia,4791.0,6978.804470166098
2014-09-01,Asia,5398.0,5463.770568138233
2014-10-01,Asia,5043.0,6319.712636865277
2014-11-01,Asia,5551.0,5739.170854010919
2014-12-01,Asia,8282.0,5986.113277937866
2015-01-01,Asia,2971.0,7464.127127786741
2015-02-01,Asia,6755.0,4241.928835351078
2015-03-01,Asia,4235.0,7230.205861491292
2015-04-01,Asia,3993.0,4052.133831415027
2015-05-01,Asia,3985.0,5304.538848783736
2015-06-01,Asia,4105.0,5392.701068703952
2015-07-01,Asia,3900.0,4539.100891335209
2015-08-01,Asia,3091.0,4281.756754316139
2015-09-01,Asia,2914.0,3662.952184160784
2015-10-01,Asia,4289.0,3696.266801746272
2015-11-01,Asia,4958.0,4536.762308096945
2015-12-01,Asia,4946.0,4659.281286859796
2016-01-01,Asia,3447.0,4292.922954000223
2016-02-01,Asia,7259.0,4288.223674133891
2016-03-01,Asia,3980.0,5987.769822193066
2016-04-01,Asia,3483.0,3284.633559985731
2016-05-01,Asia,3293.0,4286.754242928555
2016-06-01,Asia,3125.0,4318.923695148911
2016-07-01,Asia,10193.0,3496.346680364128
2016-08-01,Asia,18964.0,7639.82075410863
2016-09-01,Asia,7720.0,11670.205040669807
2016-10-01,Asia,3659.0,4890.475957028495
2016-11-01,Asia,2760.0,5877.855535376655
2016-12-01,Asia,2905.0,4538.9172292986495
2017-01-01,Asia,5991.0,4351.093722752599
2017-02-01,Asia,5064.0,6757.350894945026
2017-03-01,Asia,4350.0,4477.117957187078
2017-04-01,Asia,3816.0,4762.634040594026
2017-05-01,Asia,2932.0,4286.208523900134
2017-06-01,Asia,2405.0,4393.871987604431
2017-07-01,Asia,3543.0,3852.073544488162
2017-08-01,Asia,3273.0,4810.386149481181
2017-09-01,Asia,3356.0,3042.862145205271
2017-10-01,Asia,3807.0,3623.8994366165034
2017-11-01,Asia,4323.0,3702.3193043544393
2017-12-01,Asia,5207.0,4078.140337656636
2018-01-01,Asia,3429.0,4406.380355664122
2018-02-01,Asia,5798.0,3932.480758712209
2018-03-01,Asia,4098.0,4905.4987944986615
2018-04-01,Asia,2413.0,3397.131221206622
2018-05-01,Asia,2356.0,3097.0851122300883
2018-06-01,Asia,2378.0,3450.090233746623
2018-07-01,Asia,3486.0,3285.991958406983
2018-08-01,Asia,3785.0,4103.622028682076
2018-09-01,Asia,3453.0,3062.1283786325043
2018-10-01,Asia,3783.0,3283.8582511570053
2018-11-01,Asia,4068.0,3543.327109562969
2018-12-01,Asia,3676.0,3788.011952247881
2019-01-01,Asia,2997.0,3291.660923203651
2019-02-01,Asia,5411.0,3792.292381806498
2019-03-01,Asia,5970.0,4321.592624582571
2019-04-01,Asia,2717.0,4318.326436401092
2019-05-01,Asia,3466.0,2671.4177712026344
2019-06-01,Asia,2583.0,4113.555478190222
2019-07-01,Asia,2765.0,3107.2122047357616
2019-08-01,Asia,3005.0,3744.359607127255
2019-09-01,Asia,3014.0,2781.698074494592
2019-10-01,Asia,2925.0,3122.9488974967426
2019-11-01,Asia,2948.0,3022.378269578313
2019-12-01,Asia,3044.0,3126.8331998809404
2020-01-01,Asia,2655.0,2876.0207901830654
2020-02-01,Asia,6006.0,3470.6200807663645
2020-03-01,Asia,1503.0,5174.721416549621
2020-04-01,Asia,2.0,1423.0204495174105
2020-05-01,Asia,0.0,2057.5824282672247
2020-06-01,Asia,1.0,1588.9329548496062
2020-07-01,Asia,3.0,1659.8813466973977
2020-08-01,Asia,7.0,1515.902686639808
2020-09-01,Asia,20.0,753.0766473773086
2020-10-01,Asia,82.0,848.155392514996
2020-11-01,Asia,73.0,790.0898227009643
2020-12-01,Asia,128.0,749.449529015857
2021-01-01,Asia,52.0,467.9561382696861
2021-02-01,Asia,49.0,1304.166314069778
2021-03-01,Asia,41.0,27.24631568367306
2021-04-01,Asia,38.0,17.779947564148983
2021-05-01,Asia,30.0,84.13962857865795
2021-06-01,Asia,20.0,237.4347978788596
2021-07-01,Asia,26.0,321.81391314458017
2021-08-01,Asia,43.0,430.6979195905231
2021-09-01,Asia,66.0,-81.7024110056119
2021-10-01,Asia,129.0,129.5364337278715
2021-11-01,Asia,157.0,172.8824713070668
2021-12-01,Asia,161.0,248.38554443839044
2022-01-01,Asia,430.0,49.7255242013573
2022-02-01,Asia,859.0,1000.2962726056788
2022-03-01,Asia,686.0,214.87181803237195
2022-04-01,Asia,775.0,141.33808159735275
2022-05-01,Asia,395.0,386.1035610097158
2022-06-01,Asia,451.0,297.1505831442364
2022-07-01,Asia,398.0,543.5420564132618
2022-08-01,Asia,537.0,558.1429105348391
2022-09-01,Asia,810.0,283.3171558599767
2022-10-01,Asia,789.0,586.9142048920487
2022-11-01,Asia,1237.0,582.459707827205
2022-12-01,Asia,1587.0,962.8061324343756
2023-01-01,Asia,1647.0,972.732562196324
2023-02-01,Asia,3163.0,1714.219609552494
2023-03-01,Asia,1811.0,1855.8379892937637
2023-04-01,Asia,1587.0,918.0574174506128
2023-05-01,Asia,1396.0,838.5815595753656
2023-06-01,Asia,1181.0,1030.8207173264343
2023-07-01,Asia,1381.0,1013.2238360381552
2023-08-01,Asia,2310.0,1306.9670508515078
2023-09-01,Asia,1836.0,1516.2217303865605
2023-10-01,Asia,1968.0,1278.900523729677
2023-11-01,Asia,1693.0,1653.963826205339
2023-12-01,Asia,2024.0,1469.8170997596922
2000-01-01,Asia,2902.0,2658.2817691141117
2000-02-01,Asia,2552.0,3006.796549792313
2000-03-01,Asia,2392.0,1955.2629066144975
2000-04-01,Asia,2069.0,1691.6282200446249
2000-05-01,Asia,1758.0,1837.2398416998933
2000-06-01,Asia,1649.0,1979.1096876902857
2000-07-01,Asia,2062.0,1733.3699940544498
2000-08-01,Asia,1991.0,2239.654352145247
2000-09-01,Asia,1849.0,1784.9954204293344
2000-10-01,Asia,2067.0,1621.6569152794084
2000-11-01,Asia,2132.0,1984.065017348356
2000-12-01,Asia,2149.0,2229.146223425199
2001-01-01,Asia,3574.0,2747.006981746505
2001-02-01,Asia,3385.0,3478.7104275739
2001-03-01,Asia,3167.0,2411.414542251153
2001-04-01,Asia,2766.0,2095.926550487196
2001-05-01,Asia,1992.0,2325.4099454694165
2001-06-01,Asia,1882.0,2129.0290082697798
2001-07-01,Asia,2415.0,2122.215325269985
2001-08-01,Asia,2262.0,2532.983023936785
2001-09-01,Asia,1747.0,2117.5696804727927
2001-10-01,Asia,1822.0,1677.5040163509218
2001-11-01,Asia,1876.0,2102.575653590879
2001-12-01,Asia,2093.0,2240.2718523691256
2002-01-01,Asia,2357.0,2904.0228928216743
2002-02-01,Asia,1995.0,2844.006484625761
2002-03-01,Asia,1783.0,1977.9988392872133
2002-04-01,Asia,1342.0,1466.4188025846972
2002-05-01,Asia,1401.0,1633.6376933261004
2002-06-01,Asia,1578.0,1869.2063618880177
2002-07-01,Asia,2014.0,1734.160550661695
2002-08-01,Asia,1926.0,2150.880362608448
2002-09-01,Asia,1645.0,1746.0535975111693
2002-10-01,Asia,1601.0,1444.2724554704816
2002-11-01,Asia,1652.0,1736.360187314931
2002-12-01,Asia,2071.0,1957.134722768396
2003-01-01,Asia,1880.0,2707.1245610578017
2003-02-01,Asia,2089.0,2362.648747484921
2003-03-01,Asia,1355.0,1966.3888958007744
2003-04-01,Asia,933.0,954.503249582679
2003-05-01,Asia,1200.0,1356.6035570926294
2003-06-01,Asia,1236.0,1631.7859935307713
2003-07-01,Asia,1121.0,1351.3353894849895
2003-08-01,Asia,1512.0,1568.388414908597
2003-09-01,Asia,1227.0,1459.6364409379194
2003-10-01,Asia,1081.0,1047.0772943275624
2003-11-01,Asia,914.0,1265.0388990614597
2003-12-01,Asia,1281.0,1448.6805995475024
2004-01-01,Asia,3478.0,2095.8851909262007
2004-02-01,Asia,2820.0,3230.1657300958577
2004-03-01,Asia,1576.0,1643.3653905195556
2004-04-01,Asia,1058.0,1039.7478702056935
2004-05-01,Asia,1680.0,1249.8434491963517
2004-06-01,Asia,1729.0,1833.636683368453
2004-07-01,Asia,1414.0,1495.7650062214484
2004-08-01,Asia,2198.0,1628.157372503842
2004-09-01,Asia,1778.0,1876.2594241242875
2004-10-01,Asia,1386.0,1211.3908453298898
2004-11-01,Asia,1117.0,1495.847832428236
2004-12-01,Asia,1620.0,1580.9574963610564
2005-01-01,Asia,3851.0,2398.6117575703365
2005-02-01,Asia,2864.0,3457.7046380468864
2005-03-01,Asia,1602.0,1754.918050209864
2005-04-01,Asia,1168.0,1175.378247788058
2005-05-01,Asia,1872.0,1434.3097945294746
2005-06-01,Asia,1985.0,2011.1589641446303
2005-07-01,Asia,1975.0,1734.9083017708026
2005-08-01,Asia,2057.0,1995.8901549479845
2005-09-01,Asia,1665.0,1814.7932528571368
2005-10-01,Asia,1495.0,1339.7769772400711
2005-11-01,Asia,1381.0,1674.5114301202664
2005-12-01,Asia,1583.0,1771.7359402656066
2006-01-01,Asia,3701.0,2454.9108283199
2006-02-01,Asia,3254.0,3457.7086239598098
2006-03-01,Asia,2500.0,2124.745097829433
2006-04-01,Asia,1983.0,1619.2082753115128
2006-05-01,Asia,2644.0,1878.66119130204
2006-06-01,Asia,1930.0,2440.0656905036344
2006-07-01,Asia,2032.0,1775.651948911122
2006-08-01,Asia,1911.0,2248.470077185847
2006-09-01,Asia,3643.0,1882.777112061564
2006-10-01,Asia,1685.0,2652.1944529245075
2006-11-01,Asia,1988.0,1489.4326584587448
2006-12-01,Asia,1799.0,2487.067261909184
2007-01-01,Asia,3266.0,2664.016440824092
2007-02-01,Asia,2720.0,3356.464477429548
2007-03-01,Asia,2126.0,2271.1423224431064
2007-04-01,Asia,2339.0,1477.1113548159542
2007-05-01,Asia,1673.0,2438.666130773173
2007-06-01,Asia,1645.0,1686.3933935111822
2007-07-01,Asia,1454.0,2162.105639941201
2007-08-01,Asia,2101.0,1724.7004719484264
2007-09-01,Asia,2372.0,2297.1522166934283
2007-10-01,Asia,1621.0,1678.2300288910503
2007-11-01,Asia,1961.0,1861.648822923519
2007-12-01,Asia,1753.0,2196.945180754868
2008-01-01,Asia,2880.0,2638.8959772415765
2008-02-01,Asia,3834.0,3074.470339751645
2008-03-01,Asia,2870.0,2889.889992625758
2008-04-01,Asia,2235.0,1596.093397752427
2008-05-01,Asia,2176.0,2257.456501485358
2008-06-01,Asia,1758.0,2158.1825182308958
2008-07-01,Asia,1516.0,1984.8891581197377
2008-08-01,Asia,2331.0,1971.1374114467249
2008-09-01,Asia,2421.0,2339.757971198778
2008-10-01,Asia,2161.0,1812.248329027179
2008-11-01,Asia,2932.0,2160.8288006691846
2008-12-01,Asia,2414.0,2767.826151942017
2009-01-01,Asia,1744.0,2873.266930013013
2009-02-01,Asia,2455.0,2546.441844271524
2009-03-01,Asia,3616.0,2466.218401232086
2009-04-01,Asia,2102.0,2336.591077291131
2009-05-01,Asia,1378.0,1830.204498240145
2009-06-01,Asia,1581.0,1970.4286928477156
2009-07-01,Asia,1402.0,1958.4679882097844
2009-08-01,Asia,2041.0,1889.503439277774
2009-09-01,Asia,2109.0,2151.979874647094
2009-10-01,Asia,2076.0,1663.4472333087908
2009-11-01,Asia,2244.0,2086.9819443777665
2009-12-01,Asia,2542.0,2314.57840786157
2010-01-01,Asia,2273.0,3028.1226527418307
2010-02-01,Asia,4581.0,2667.509768364883
2010-03-01,Asia,3851.0,3528.517346754717
2010-04-01,Asia,1775.0,2022.7121217824645
2010-05-01,Asia,2337.0,1843.416248663871
2010-06-01,Asia,2176.0,2682.505211984106
2010-07-01,Asia,1762.0,2031.60242266362
2010-08-01,Asia,2318.0,2304.673281769515
2010-09-01,Asia,2563.0,2271.8004664608725
2010-10-01,Asia,2041.0,2134.2940725215603
2010-11-01,Asia,2273.0,2035.9534760334195
2010-12-01,Asia,3488.0,2618.992092046732
2011-01-01,Asia,2456.0,3619.796106976555
2011-02-01,Asia,3070.0,2755.8323876802515
2011-03-01,Asia,4197.0,2831.530615575532
2011-04-01,Asia,3002.0,2758.928314773034
2011-05-01,Asia,3912.0,2318.2058820679435
2011-06-01,Asia,2770.0,3553.78255793657
2011-07-01,Asia,3110.0,2234.067892973096
2011-08-01,Asia,3121.0,3302.1161416505624
2011-09-01,Asia,2879.0,2669.8967971073325
2011-10-01,Asia,3034.0,2527.7997539749704
2011-11-01,Asia,3905.0,2916.022072173844
2011-12-01,Asia,3694.0,3578.93202893381
2012-01-01,Asia,3676.0,3860.701137215623
2012-02-01,Asia,6401.0,3866.818689621493
2012-03-01,Asia,4673.0,4877.679174560118
2012-04-01,Asia,3868.0,2725.5075049964084
2012-05-01,Asia,3587.0,3672.8748749816114
2012-06-01,Asia,7993.0,3493.734538293648
2012-07-01,Asia,3557.0,6046.225266604373
2012-08-01,Asia,4243.0,2704.23326063852
2012-09-01,Asia,4346.0,4522.90406292953
2012-10-01,Asia,4767.0,3674.625606274263
2012-11-01,Asia,5085.0,4216.47195909854
2012-12-01,Asia,4399.0,4942.661100314961
2013-01-01,Asia,4335.0,4499.366350089314
2013-02-01,Asia,6262.0,5246.088348778044
2013-03-01,Asia,4540.0,4969.696620805689
2013-04-01,Asia,4613.0,3770.821818345569
2013-05-01,Asia,4560.0,4296.018998698413
2013-06-01,Asia,3990.0,4755.127127286017
2013-07-01,Asia,5130.0,3750.219192229244
2013-08-01,Asia,5511.0,5431.773270773553
2013-09-01,Asia,2497.0,4344.399128616565
2013-10-01,Asia,4396.0,3212.016516361265
2013-11-01,Asia,5942.0,4642.9864046634375
2013-12-01,Asia,4726.0,5515.416611956455
2014-01-01,Asia,4856.0,4709.350683724261
2014-02-01,Asia,6149.0,5727.067283571385
2014-03-01,Asia,5638.0,4979.739767777987
2014-04-01,Asia,4308.0,4658.913020745158
2014-05-01,Asia,5957.0,4020.902353659314
2014-06-01,Asia,16360.0,5943.838681615958
2014-07-01,Asia,11052.0,10780.769432204896
2014-08-01,Asia,4791.0,6380.212485345213
2014-09-01,Asia,5398.0,4923.929938274115
2014-10-01,Asia,5043.0,6273.315167819261
2014-11-01,Asia,5551.0,5069.651268586943
2014-12-01,Asia,8282.0,6754.809413462969
2015-01-01,Asia,2971.0,7668.005464905032
2015-02-01,Asia,6755.0,4767.354706616447
2015-03-01,Asia,4235.0,7155.89160702487
2015-04-01,Asia,3993.0,4177.743581125865
2015-05-01,Asia,3985.0,5010.875670138945
2015-06-01,Asia,4105.0,5456.005785330566
2015-07-01,Asia,3900.0,4374.742792304654
2015-08-01,Asia,3091.0,5506.27428707554
2015-09-01,Asia,2914.0,3500.397368531202
2015-10-01,Asia,4289.0,4561.940782585998
2015-11-01,Asia,4958.0,4195.538481181572
2015-12-01,Asia,4946.0,5633.889465497883
2016-01-01,Asia,3447.0,4932.590620851903
2016-02-01,Asia,7259.0,5090.72586811978
2016-03-01,Asia,3980.0,5938.672329277069
2016-04-01,Asia,3483.0,3445.945403521528
2016-05-01,Asia,3293.0,4006.698821107456
2016-06-01,Asia,3125.0,4508.885377440649
2016-07-01,Asia,10193.0,3334.250634755901
2016-08-01,Asia,18964.0,8720.115049146412
2016-09-01,Asia,7720.0,10698.297868576388
2016-10-01,Asia,3659.0,4260.306991320837
2016-11-01,Asia,2760.0,5087.430828381208
2016-12-01,Asia,2905.0,5230.959884666502
2017-01-01,Asia,5991.0,4927.724480021764
2017-02-01,Asia,5064.0,7599.730642360064
2017-03-01,Asia,4350.0,4227.252763917027
2017-04-01,Asia,3816.0,5333.733412745196
2017-05-01,Asia,2932.0,3936.207697486956
2017-06-01,Asia,2405.0,4912.436092132984
2017-07-01,Asia,3543.0,3322.151906718788
2017-08-01,Asia,3273.0,5217.959355655641
2017-09-01,Asia,3356.0,3342.997849585258
2017-10-01,Asia,3807.0,4296.343382818208
2017-11-01,Asia,4323.0,3746.237943566038
2017-12-01,Asia,5207.0,4967.419114928127
2018-01-01,Asia,3429.0,5133.317228901703
2018-02-01,Asia,5798.0,4502.857725669463
2018-03-01,Asia,4098.0,5152.526775428218
2018-04-01,Asia,2413.0,3428.9291790439115
2018-05-01,Asia,2356.0,3134.0411361456454
2018-06-01,Asia,2378.0,3880.263970972792
2018-07-01,Asia,3486.0,2907.985277250397
2018-08-01,Asia,3785.0,4427.893070283089
2018-09-01,Asia,3453.0,3263.912882453109
2018-10-01,Asia,3783.0,3630.574282844505
2018-11-01,Asia,4068.0,3469.4835335988832
2018-12-01,Asia,3676.0,4368.01574767988
2019-01-01,Asia,2997.0,4047.257025494832
2019-02-01,Asia,5411.0,4217.77130367776
2019-03-01,Asia,5970.0,4554.22930642953
2019-04-01,Asia,2717.0,4240.062417159598
2019-05-01,Asia,3466.0,2573.361535924344
2019-06-01,Asia,2583.0,4422.623631477882
2019-07-01,Asia,2765.0,2664.7419702082334
2019-08-01,Asia,3005.0,3882.5672455906415
2019-09-01,Asia,3014.0,3064.0279384717564
2019-10-01,Asia,2925.0,3184.507664208416
2019-11-01,Asia,2948.0,3111.540285861867
2019-12-01,Asia,3044.0,3543.245669609393
2020-01-01,Asia,2655.0,3898.861276086904
2020-02-01,Asia,6006.0,3652.274172329972
2020-03-01,Asia,3569.447855668333,4926.559979941862
2020-04-01,Asia,2710.840629796257,2268.478085173388
2020-05-01,Asia,2801.8522548151227,3206.785370116509
2020-06-01,Asia,3268.206712179723,3284.6854235438886
2020-07-01,Asia,3382.0753974466643,3189.8866358205405
2020-08-01,Asia,3720.972028961771,3650.6603676488535
2020-09-01,Asia,3020.094416127656,3242.4347374239032
2020-10-01,Asia,2832.7259381739887,2956.29690498952
2020-11-01,Asia,3076.967838687156,2923.747569052046
2020-12-01,Asia,3261.6390004486616,3643.458291031164
2021-01-01,Asia,3413.2754904591293,3772.537822080079
2021-02-01,Asia,4469.983418074275,4141.796188476065
2021-03-01,Asia,3569.447855668333,3683.2068055200143
2021-04-01,Asia,2710.840629796257,2843.8615208232723
2021-05-01,Asia,2801.8522548151227,2784.024581461336
2021-06-01,Asia,3268.206712179723,3393.1506148618373
2021-07-01,Asia,3382.0753974466643,3044.687113328383
2021-08-01,Asia,3720.972028961771,3617.119662524598
2021-09-01,Asia,3020.094416127656,3193.1459285337373
2021-10-01,Asia,2832.7259381739887,2886.6942375249646
2021-11-01,Asia,3076.967838687156,2909.219520213073
2021-12-01,Asia,3261.6390004486616,3571.147823077368
2022-01-01,Asia,3413.2754904591293,3771.4264703474273
2022-02-01,Asia,4469.983418074275,4076.498058662856
2022-03-01,Asia,3569.447855668333,3687.889813354115
2022-04-01,Asia,2710.840629796257,2787.212374112877
2022-05-01,Asia,2801.8522548151227,2791.452613379284
2022-06-01,Asia,3268.206712179723,3344.7863469939957
2022-07-01,Asia,3382.0753974466643,3053.482486777119
2022-08-01,Asia,3720.972028961771,3576.013936635776
2022-09-01,Asia,3020.094416127656,3202.426624971414
2022-10-01,Asia,2832.7259381739887,2851.7447014155414
2022-11-01,Asia,3076.967838687156,2918.70851035806
2022-12-01,Asia,3261.6390004486616,3541.3530196764027
2023-01-01,Asia,3413.2754904591293,3780.705138719789
2023-02-01,Asia,4469.983418074275,4051.219180342937
2023-03-01,Asia,3569.447855668333,3696.8551669213975
2023-04-01,Asia,2710.840629796257,2765.5296543228574
2023-05-01,Asia,2801.8522548151227,2799.99862728732
2023-06-01,Asia,1181.0,3326.2173290986566
2023-07-01,Asia,1381.0,1844.643168572182
2023-08-01,Asia,2310.0,2872.1081220322767
2023-09-01,Asia,1836.0,2491.8475572679
2023-10-01,Asia,1968.0,2105.55369053223
2023-11-01,Asia,1693.0,2359.962604973803
2023-12-01,Asia,2024.0,2469.488188337838
2000-01-01,Africa,1667.0,1674.214346164866
2000-02-01,Africa,1538.0,1414.4223220821043
2000-03-01,Africa,1445.0,1420.157264351107
2000-04-01,Africa,1198.0,1106.483643915495
2000-05-01,Africa,1024.0,1262.046496809504
2000-06-01,Africa,1007.0,1112.0732286176876
2000-07-01,Africa,1295.0,1340.5522429228797
2000-08-01,Africa,1251.0,1514.0763184140478
2000-09-01,Africa,1156.0,995.283882067016
2000-10-01,Africa,1295.0,1178.2529548944074
2000-11-01,Africa,1326.0,1223.731894739282
2000-12-01,Africa,1315.0,1566.676500150024
2001-01-01,Africa,2099.0,1584.7832118538988
2001-02-01,Africa,2071.0,1582.006415454017
2001-03-01,Africa,1933.0,1628.7827931070383
2001-04-01,Africa,1612.0,1374.4168845298216
2001-05-01,Africa,1167.0,1540.8423752795184
2001-06-01,Africa,1152.0,1338.152793675857
2001-07-01,Africa,1518.0,1549.3001148961598
2001-08-01,Africa,1433.0,1780.6807918340735
2001-09-01,Africa,1085.0,1119.7145375282028
2001-10-01,Africa,1143.0,1244.1875849860585
2001-11-01,Africa,1179.0,1191.7635756117218
2001-12-01,Africa,1273.0,1499.5225913260367
2002-01-01,Africa,1598.0,1517.8059166322766
2002-02-01,Africa,1479.0,1376.359106646987
2002-03-01,Africa,1372.0,1329.2200926548778
2002-04-01,Africa,1046.0,1090.1843378054523
2002-05-01,Africa,1101.0,1143.5384366058647
2002-06-01,Africa,1242.0,1137.8204534095603
2002-07-01,Africa,1579.0,1417.5819721649325
2002-08-01,Africa,1518.0,1739.636572787062
2002-09-01,Africa,1293.0,1105.441523780897
2002-10-01,Africa,1254.0,1343.4991869652251
2002-11-01,Africa,1286.0,1253.4188272302629
2002-12-01,Africa,1552.0,1627.2176652334526
2003-01-01,Africa,876.0,1694.444267314114
2003-02-01,Africa,869.0,1184.8004158559047
2003-03-01,Africa,850.0,1087.7528571066273
2003-04-01,Africa,812.0,807.1084733429033
2003-05-01,Africa,1225.0,949.7667764463786
2003-06-01,Africa,612.0,1048.6664513820024
2003-07-01,Africa,645.0,1039.8963317773928
2003-08-01,Africa,1404.0,1092.5368035166334
2003-09-01,Africa,1083.0,897.4070158494046
2003-10-01,Africa,1090.0,1043.612335569568
2003-11-01,Africa,1212.0,1095.9698270963056
2003-12-01,Africa,988.0,1400.3120748069214
2004-01-01,Africa,865.0,1341.4187177587498
2004-02-01,Africa,1032.0,1027.6979300687988
2004-03-01,Africa,891.0,1035.8439229295966
2004-04-01,Africa,998.0,782.1324738413716
2004-05-01,Africa,1671.0,1011.2566364073972
2004-06-01,Africa,666.0,1238.9407331836278
2004-07-01,Africa,697.0,1152.5044769711226
2004-08-01,Africa,1273.0,1226.8270615803035
2004-09-01,Africa,841.0,867.6341792860941
2004-10-01,Africa,817.0,966.1566928365128
2004-11-01,Africa,1010.0,913.1197050997824
2004-12-01,Africa,1522.0,1216.623254397997
2005-01-01,Africa,1419.0,1459.4699412730604
2005-02-01,Africa,1411.0,1214.6642632725714
2005-03-01,Africa,1230.0,1270.3441908994837
2005-04-01,Africa,1083.0,945.6366113068444
2005-05-01,Africa,2047.0,1138.04041867999
2005-06-01,Africa,1021.0,1455.0425035415983
2005-07-01,Africa,1304.0,1437.313431955561
2005-08-01,Africa,1555.0,1720.5232043208662
2005-09-01,Africa,1135.0,1053.507533644105
2005-10-01,Africa,1316.0,1274.7032892488503
2005-11-01,Africa,1529.0,1219.5396740572803
2005-12-01,Africa,1785.0,1734.7143775722532
2006-01-01,Africa,2656.0,1826.482223936472
2006-02-01,Africa,1871.0,1903.9033040582551
2006-03-01,Africa,1948.0,1626.853762903291
2006-04-01,Africa,1823.0,1474.4957239937949
2006-05-01,Africa,1536.0,1594.6715221237569
2006-06-01,Africa,1830.0,1586.207865508069
2006-07-01,Africa,1910.0,1965.1397108807369
2006-08-01,Africa,4568.0,2267.3104161854867
2006-09-01,Africa,2334.0,2201.908794437525
2006-10-01,Africa,3493.0,2100.6206481694003
2006-11-01,Africa,2762.0,2883.736296275845
2006-12-01,Africa,3021.0,3027.503600736541
2007-01-01,Africa,4113.0,3584.723997005426
2007-02-01,Africa,1695.0,2881.1093160490127
2007-03-01,Africa,2075.0,2348.7771302790966
2007-04-01,Africa,2064.0,1711.2316715708996
2007-05-01,Africa,1209.0,2053.63002871384
2007-06-01,Africa,1086.0,1556.245945984856
2007-07-01,Africa,1783.0,1809.8381749236487
2007-08-01,Africa,1799.0,2025.5421053613504
2007-09-01,Africa,1678.0,1405.3551957403613
2007-10-01,Africa,1500.0,1643.862495919422
2007-11-01,Africa,1953.0,1595.8369577457247
2007-12-01,Africa,1618.0,2187.2303839988817
2008-01-01,Africa,2564.0,2062.4014905463187
2008-02-01,Africa,1660.0,2066.0723734599264
2008-03-01,Africa,1951.0,1655.1233622150712
2008-04-01,Africa,1610.0,1587.6411909054573
2008-05-01,Africa,1454.0,1547.4231253048897
2008-06-01,Africa,1137.0,1637.4758873701703
2008-07-01,Africa,1946.0,1586.1209206174674
2008-08-01,Africa,1876.0,2224.2626438455927
2008-09-01,Africa,1542.0,1271.2991557204514
2008-10-01,Africa,2031.0,1729.9593723629064
2008-11-01,Africa,1659.0,1685.4950343221008
2008-12-01,Africa,1798.0,2196.691834094275
2009-01-01,Africa,2760.0,2110.270624728076
2009-02-01,Africa,2878.0,2166.0079960782546
2009-03-01,Africa,2856.0,2186.2725760039043
2009-04-01,Africa,2014.0,1971.7451286670416
2009-05-01,Africa,1815.0,1992.7194952639336
2009-06-01,Africa,1299.0,1952.784378615825
2009-07-01,Africa,1378.0,1920.4350204181676
2009-08-01,Africa,1467.0,2112.853695816448
2009-09-01,Africa,1524.0,1228.6887681763135
2009-10-01,Africa,1612.0,1632.695472527962
2009-11-01,Africa,1509.0,1512.6685051180723
2009-12-01,Africa,1556.0,1998.349992186895
2010-01-01,Africa,2626.0,1888.0772715872365
2010-02-01,Africa,2250.0,2031.2791321233497
2010-03-01,Africa,2796.0,1844.756555493121
2010-04-01,Africa,1951.0,1897.792688347284
2010-05-01,Africa,1704.0,1826.891818229594
2010-06-01,Africa,1100.0,1901.955026953924
2010-07-01,Africa,1561.0,1703.379147614642
2010-08-01,Africa,1913.0,2157.50710761416
2010-09-01,Africa,1381.0,1273.2099043600174
2010-10-01,Africa,1448.0,1630.157287711788
2010-11-01,Africa,1224.0,1413.4973202291685
2010-12-01,Africa,2059.0,1813.8171883367504
2011-01-01,Africa,1909.0,2015.2934279537517
2011-02-01,Africa,1324.0,1730.6210133317163
2011-03-01,Africa,1512.0,1469.389619323845
2011-04-01,Africa,1371.0,1268.2574492230208
2011-05-01,Africa,1529.0,1375.3027414557794
2011-06-01,Africa,1224.0,1473.1276648059466
2011-07-01,Africa,1961.0,1593.2612643576406
2011-08-01,Africa,1338.0,2140.879591550486
2011-09-01,Africa,1507.0,1131.868272301775
2011-10-01,Africa,1599.0,1631.6386518866566
2011-11-01,Africa,1525.0,1431.5700224914854
2011-12-01,Africa,2112.0,2011.8410085873195
2012-01-01,Africa,2230.0,2096.577405465014
2012-02-01,Africa,2188.0,1940.2871114958368
2012-03-01,Africa,2183.0,1854.9196470706847
2012-04-01,Africa,1703.0,1617.6961760205493
2012-05-01,Africa,1530.0,1696.291955359236
2012-06-01,Africa,3492.0,1644.9585661807234
2012-07-01,Africa,1435.0,2938.8655633463422
2012-08-01,Africa,1406.0,2402.805698305262
2012-09-01,Africa,1441.0,1649.3837475863952
2012-10-01,Africa,1291.0,1532.7998460917725
2012-11-01,Africa,1439.0,1637.5460557516126
2012-12-01,Africa,2291.0,1794.6563128532812
2013-01-01,Africa,1471.0,2366.8979455438675
2013-02-01,Africa,1524.0,1527.550436300716
2013-03-01,Africa,1546.0,1756.434065394957
2013-04-01,Africa,1384.0,1152.8171755679518
2013-05-01,Africa,1467.0,1613.1374280971982
2013-06-01,Africa,1242.0,1339.3293008234418
2013-07-01,Africa,3149.0,1791.4137381480448
2013-08-01,Africa,2161.0,2643.115136672539
2013-09-01,Africa,1255.0,1606.8143686749754
2013-10-01,Africa,1971.0,1676.5646281365584
2013-11-01,Africa,2041.0,1795.6333558274357
2013-12-01,Africa,1842.0,2331.7267291128323
2014-01-01,Africa,3043.0,2295.670922141217
2014-02-01,Africa,2441.0,2302.5321924881205
2014-03-01,Africa,1806.0,2106.0406433662565
2014-04-01,Africa,2046.0,1630.913673001338
2014-05-01,Africa,2573.0,1919.0738643391223
2014-06-01,Africa,4802.0,2143.8960410979544
2014-07-01,Africa,3046.0,3922.878034483652
2014-08-01,Africa,2306.0,3767.597075024044
2014-09-01,Africa,2313.0,2347.569145903572
2014-10-01,Africa,1997.0,2424.8529601821574
2014-11-01,Africa,2368.0,2339.6334380350136
2014-12-01,Africa,3653.0,2868.946208278805
2015-01-01,Africa,2351.0,3556.5387801342013
2015-02-01,Africa,1509.0,2429.9541752996874
2015-03-01,Africa,1899.0,2211.991461791442
2015-04-01,Africa,1472.0,1600.4424243682868
2015-05-01,Africa,1717.0,1848.300868216784
2015-06-01,Africa,1253.0,1716.648834470887
2015-07-01,Africa,1715.0,1952.607341963712
2015-08-01,Africa,1631.0,2170.0830982002394
2015-09-01,Africa,801.0,1444.2730193038467
2015-10-01,Africa,1488.0,1342.1074056631298
2015-11-01,Africa,2014.0,1540.3580364165855
2015-12-01,Africa,1955.0,2109.3066323501903
2016-01-01,Africa,1896.0,2267.944812974056
2016-02-01,Africa,1435.0,1840.2952387390023
2016-03-01,Africa,1223.0,1671.088922739611
2016-04-01,Africa,867.0,1241.2035585978506
2016-05-01,Africa,1030.0,1255.2284648675986
2016-06-01,Africa,677.0,1206.829367795179
2016-07-01,Africa,2128.0,1226.8803120074697
2016-08-01,Africa,2721.0,1991.6829888051648
2016-09-01,Africa,1609.0,1495.8378702992363
2016-10-01,Africa,1053.0,1725.577730788278
2016-11-01,Africa,980.0,1394.664905642141
2016-12-01,Africa,1094.0,1634.7839398174149
2017-01-01,Africa,1976.0,1503.369772199511
2017-02-01,Africa,1896.0,1599.9437348583967
2017-03-01,Africa,1606.0,1540.4326571628335
2017-04-01,Africa,1442.0,1324.441325158002
2017-05-01,Africa,1097.0,1425.197278176977
2017-06-01,Africa,905.0,1312.437408845724
2017-07-01,Africa,1335.0,1375.1059939894824
2017-08-01,Africa,1220.0,1655.3658445114836
2017-09-01,Africa,1262.0,1002.4595456376168
2017-10-01,Africa,1434.0,1330.9123619047443
2017-11-01,Africa,1596.0,1301.0765831134554
2017-12-01,Africa,1956.0,1848.5755797847964
2018-01-01,Africa,892.0,1983.6548898341289
2018-02-01,Africa,1211.0,1337.2548595215403
2018-03-01,Africa,1301.0,1342.8501400782554
2018-04-01,Africa,1009.0,1034.7128148460731
2018-05-01,Africa,731.0,1190.8721233997553
2018-06-01,Africa,697.0,957.5054212215912
2018-07-01,Africa,757.0,1138.1939791293942
2018-08-01,Africa,1361.0,1111.1659207394478
2018-09-01,Africa,861.0,978.5895702295904
2018-10-01,Africa,1172.0,927.794772984005
2018-11-01,Africa,1014.0,1174.113147942297
2018-12-01,Africa,1549.0,1240.2682597349517
2019-01-01,Africa,1589.0,1651.6812374592787
2019-02-01,Africa,1454.0,1253.862473114652
2019-03-01,Africa,2122.0,1425.8692114420485
2019-04-01,Africa,996.0,1239.6793659344048
2019-05-01,Africa,610.0,1249.8288930484491
2019-06-01,Africa,791.0,950.648360020908
2019-07-01,Africa,822.0,1152.2354456093758
2019-08-01,Africa,1070.0,1140.3066389916803
2019-09-01,Africa,807.0,863.4318627802772
2019-10-01,Africa,718.0,872.9707254517007
2019-11-01,Africa,555.0,885.2875777221453
2019-12-01,Africa,896.0,892.9923404587664
2020-01-01,Africa,802.0,1071.2744449509833
2020-02-01,Africa,1020.0,785.4023844612204
2020-03-01,Africa,1024.7974159196335,964.3205254528168
2020-04-01,Africa,712.8168633818009,712.3370092411892
2020-05-01,Africa,689.9828860357516,867.3365950028561
2020-06-01,Africa,638.466787815227,723.4328139991277
2020-07-01,Africa,882.8620356887695,922.7537419160356
2020-08-01,Africa,1052.203196229576,1009.230853690727
2020-09-01,Africa,649.1636087538027,773.6353640807598
2020-10-01,Africa,786.051888471043,742.296123383416
2020-11-01,Africa,809.9115297417202,837.847845787695
2020-12-01,Africa,1092.3932015912446,962.9649333775674
2021-01-01,Africa,1287.5246002964611,1179.4477628870509
2021-02-01,Africa,1001.6202791531214,989.5302730197488
2021-03-01,Africa,1024.7974159196335,994.8044668806224
2021-04-01,Africa,712.8168633818009,761.6076185791403
2021-05-01,Africa,689.9828860357516,833.6526190812199
2021-06-01,Africa,638.466787815227,743.1073470933454
2021-07-01,Africa,882.8620356887695,880.9963272259876
2021-08-01,Africa,1052.203196229576,1020.157408505794
2021-09-01,Africa,649.1636087538027,731.0060811470321
2021-10-01,Africa,786.051888471043,746.9943244857607
2021-11-01,Africa,809.9115297417202,799.3498025725412
2021-12-01,Africa,1092.3932015912446,965.7248479100408
2022-01-01,Africa,1287.5246002964611,1145.4277542865382
2022-02-01,Africa,1001.6202791531214,990.936390743788
2022-03-01,Africa,1024.7974159196335,964.7764031589954
2022-04-01,Africa,712.8168633818009,762.1735613164442
2022-05-01,Africa,689.9828860357516,807.2469504769504
2022-06-01,Africa,638.466787815227,743.1018944243176
2022-07-01,Africa,882.8620356887695,857.9026916751768
2022-08-01,Africa,1052.203196229576,1019.7589136231222
2022-09-01,Africa,649.1636087538027,710.7017503778585
2022-10-01,Africa,786.051888471043,746.2690796707245
2022-11-01,Africa,809.9115297417202,781.5585783326272
2022-12-01,Africa,1092.3932015912446,964.7735456007542
2023-01-01,Africa,1287.5246002964611,1129.8284119520863
2023-02-01,Africa,1001.6202791531214,989.7527950555096
2023-03-01,Africa,1024.7974159196335,951.0612083001682
2023-04-01,Africa,712.8168633818009,760.8746307090393
2023-05-01,Africa,689.9828860357516,795.1595730664552
2023-06-01,Africa,127.0,741.7461361504555
2023-07-01,Africa,203.0,573.0061903382964
2023-08-01,Africa,277.0,568.9623289509915
2023-09-01,Africa,182.0,327.43995629638084
2023-10-01,Africa,201.0,363.6548884420116
2023-11-01,Africa,266.0,299.01630565624885
2023-12-01,Africa,358.0,411.3242910262746
2000-01-01,Europa,41142.0,38431.29167153293
2000-02-01,Europa,36330.0,40034.00754982852
2000-03-01,Europa,34287.0,36150.55205625692
2000-04-01,Europa,28554.0,28192.452868465825
2000-05-01,Europa,24480.0,21393.074610859545
2000-06-01,Europa,23760.0,24486.922404550754
2000-07-01,Europa,30438.0,30312.36834367155
2000-08-01,Europa,29450.0,28702.754493268352
2000-09-01,Europa,27081.0,23377.27548253319
2000-10-01,Europa,30277.0,30393.11939980841
2000-11-01,Europa,31180.0,31055.984191627613
2000-12-01,Europa,31178.0,38362.84483010064
2001-01-01,Europa,54587.0,37423.54908955523
2001-02-01,Europa,52577.0,43277.03899653348
2001-03-01,Europa,52624.0,43336.50202070223
2001-04-01,Europa,42312.0,36887.29268642992
2001-05-01,Europa,31808.0,29645.357278772903
2001-06-01,Europa,30031.0,31898.569818752167
2001-07-01,Europa,38567.0,39467.99765965479
2001-08-01,Europa,35909.0,39138.22140600081
2001-09-01,Europa,27530.0,32263.21021249541
2001-10-01,Europa,28667.0,34763.62577594316
2001-11-01,Europa,29453.0,33914.114821675685
2001-12-01,Europa,32247.0,41153.84967109755
2002-01-01,Europa,36588.0,44261.59698737678
2002-02-01,Europa,33704.0,41784.57341111688
2002-03-01,Europa,31292.0,36446.22874072483
2002-04-01,Europa,23883.0,27374.45247125017
2002-05-01,Europa,25141.0,20297.00644174084
2002-06-01,Europa,28322.0,23957.906366964708
2002-07-01,Europa,35999.0,31298.590378281315
2002-08-01,Europa,34635.0,29461.410067154484
2002-09-01,Europa,29454.0,24389.104791912163
2002-10-01,Europa,28596.0,31244.56232076997
2002-11-01,Europa,29290.0,32258.38574762873
2002-12-01,Europa,35421.0,37638.62139716581
2003-01-01,Europa,33391.0,40340.275447734246
2003-02-01,Europa,29762.0,38141.31657875569
2003-03-01,Europa,29233.0,34613.628699779765
2003-04-01,Europa,26929.0,26716.65631267241
2003-05-01,Europa,19590.0,20532.82256947141
2003-06-01,Europa,18897.0,20882.78642259289
2003-07-01,Europa,23137.0,26191.51825683991
2003-08-01,Europa,25926.0,24392.722520566145
2003-09-01,Europa,21550.0,20342.963139006053
2003-10-01,Europa,27442.0,25320.00508501777
2003-11-01,Europa,24318.0,25485.78410797082
2003-12-01,Europa,30615.0,30735.968302035155
2004-01-01,Europa,41322.0,31839.05431806129
2004-02-01,Europa,36995.0,35917.7223416128
2004-03-01,Europa,34212.0,34419.56829863882
2004-04-01,Europa,33994.0,26001.76720001981
2004-05-01,Europa,22133.0,20503.544370379343
2004-06-01,Europa,21127.0,22820.28275490415
2004-07-01,Europa,27143.0,29932.909506743694
2004-08-01,Europa,29656.0,29273.213799035013
2004-09-01,Europa,23692.0,23439.550740617724
2004-10-01,Europa,33462.0,27152.21695580596
2004-11-01,Europa,27615.0,28887.34767562184
2004-12-01,Europa,39842.0,36459.740790577096
2005-01-01,Europa,49336.0,39748.05085844046
2005-02-01,Europa,39622.0,41815.24604786519
2005-03-01,Europa,35925.0,37737.20516835346
2005-04-01,Europa,30783.0,30639.296543571225
2005-05-01,Europa,26461.0,23493.75621144913
2005-06-01,Europa,25828.0,26784.20479101444
2005-07-01,Europa,38816.0,32607.132845872773
2005-08-01,Europa,29251.0,32987.70192832098
2005-09-01,Europa,23494.0,25305.22105908036
2005-10-01,Europa,37636.0,31339.80439097719
2005-11-01,Europa,31945.0,33998.32864125016
2005-12-01,Europa,38834.0,41881.323954978296
2006-01-01,Europa,53790.0,42967.02375795087
2006-02-01,Europa,48266.0,43902.563803805046
2006-03-01,Europa,38343.0,42722.837122359226
2006-04-01,Europa,33563.0,35760.56187921059
2006-05-01,Europa,27637.0,27756.451614230376
2006-06-01,Europa,21987.0,28788.276536099744
2006-07-01,Europa,22808.0,33958.475895527095
2006-08-01,Europa,26199.0,29409.976423751075
2006-09-01,Europa,23871.0,23924.029387301365
2006-10-01,Europa,30526.0,31842.583777334225
2006-11-01,Europa,35690.0,29947.275667416656
2006-12-01,Europa,37289.0,38824.21477048669
2007-01-01,Europa,38698.0,41827.469358975446
2007-02-01,Europa,39868.0,40148.22963085454
2007-03-01,Europa,27347.0,37593.36623562036
2007-04-01,Europa,31859.0,28090.02103451807
2007-05-01,Europa,20439.0,21852.13442368828
2007-06-01,Europa,22862.0,21594.349307308865
2007-07-01,Europa,28920.0,28754.878381306266
2007-08-01,Europa,29040.0,27736.714119693064
2007-09-01,Europa,25252.0,22982.791057296763
2007-10-01,Europa,27612.0,29860.81274613677
2007-11-01,Europa,27345.0,28996.4195132994
2007-12-01,Europa,30355.0,35591.2171106663
2008-01-01,Europa,42745.0,37832.56944187082
2008-02-01,Europa,41264.0,39873.650165398
2008-03-01,Europa,37937.0,35114.61869985049
2008-04-01,Europa,25165.0,29264.257901168992
2008-05-01,Europa,20362.0,19727.764768182384
2008-06-01,Europa,19592.0,21749.147407675573
2008-07-01,Europa,29344.0,28168.153702572297
2008-08-01,Europa,29547.0,28236.24123659256
2008-09-01,Europa,22204.0,22451.81331848286
2008-10-01,Europa,23746.0,26639.174606567794
2008-11-01,Europa,24704.0,27290.935522191303
2008-12-01,Europa,29222.0,34363.673788587745
2009-01-01,Europa,43751.0,36311.81747234396
2009-02-01,Europa,34876.0,38293.60602152185
2009-03-01,Europa,42478.0,32118.0898560178
2009-04-01,Europa,34715.0,28170.20954274339
2009-05-01,Europa,24165.0,22915.49548543292
2009-06-01,Europa,19396.0,24924.685859821893
2009-07-01,Europa,22159.0,29688.632532371277
2009-08-01,Europa,32648.0,26579.912138140204
2009-09-01,Europa,21876.0,23574.801667105818
2009-10-01,Europa,26698.0,28326.830899885397
2009-11-01,Europa,34779.0,27897.76582793824
2009-12-01,Europa,28424.0,35781.498653255454
2010-01-01,Europa,32523.0,37724.59973449879
2010-02-01,Europa,40123.0,36095.21888920384
2010-03-01,Europa,42901.0,37218.95161084561
2010-04-01,Europa,21929.0,30806.00699255446
2010-05-01,Europa,19159.0,19072.83992175836
2010-06-01,Europa,17894.0,18885.257156886924
2010-07-01,Europa,27234.0,26384.285806101303
2010-08-01,Europa,29796.0,28965.906270289648
2010-09-01,Europa,31929.0,22514.45886404839
2010-10-01,Europa,29723.0,28251.846176836523
2010-11-01,Europa,34581.0,28702.912982436137
2010-12-01,Europa,42633.0,36263.17894020328
2011-01-01,Europa,31547.0,42945.91596583133
2011-02-01,Europa,38403.0,40115.36373054958
2011-03-01,Europa,40271.0,38200.09283113153
2011-04-01,Europa,34525.0,29226.96578827404
2011-05-01,Europa,23413.0,23963.98687107693
2011-06-01,Europa,21883.0,24688.28524888657
2011-07-01,Europa,29667.0,30082.69919309153
2011-08-01,Europa,27950.0,30554.83713417272
2011-09-01,Europa,23559.0,24603.6204492169
2011-10-01,Europa,31371.0,29175.3504625541
2011-11-01,Europa,41447.0,32275.3713670863
2011-12-01,Europa,49915.0,40453.77788345369
2012-01-01,Europa,36180.0,42187.50140412702
2012-02-01,Europa,45562.0,41689.86343023942
2012-03-01,Europa,46660.0,41981.95319778664
2012-04-01,Europa,32146.0,35628.46780710271
2012-05-01,Europa,23684.0,27327.06092901829
2012-06-01,Europa,29860.0,26111.00532901349
2012-07-01,Europa,32461.0,33812.7349785809
2012-08-01,Europa,32431.0,33498.24976447027
2012-09-01,Europa,28525.0,29517.386752117985
2012-10-01,Europa,37683.0,33979.31610300452
2012-11-01,Europa,43641.0,36724.445928466856
2012-12-01,Europa,52506.0,45777.56479436983
2013-01-01,Europa,36292.0,45336.50109075488
2013-02-01,Europa,48768.0,45371.16909553615
2013-03-01,Europa,53007.0,45398.04966525768
2013-04-01,Europa,37051.0,39686.36703597234
2013-05-01,Europa,29656.0,30112.09388911919
2013-06-01,Europa,28854.0,30999.09831739473
2013-07-01,Europa,47725.0,36911.296075439066
2013-08-01,Europa,37466.0,40240.510726371096
2013-09-01,Europa,19971.0,34164.43991529368
2013-10-01,Europa,39858.0,35061.664063079545
2013-11-01,Europa,41144.0,39003.32599688707
2013-12-01,Europa,49436.0,48726.2050738952
2014-01-01,Europa,45330.0,46617.53510715817
2014-02-01,Europa,62257.0,48748.101285553785
2014-03-01,Europa,37624.0,50343.64798176098
2014-04-01,Europa,43876.0,36614.679093928295
2014-05-01,Europa,37333.0,32083.951911793996
2014-06-01,Europa,88839.0,36666.03226372093
2014-07-01,Europa,64549.0,58567.08137839023
2014-08-01,Europa,46326.0,53939.53793821175
2014-09-01,Europa,36026.0,41039.7998590543
2014-10-01,Europa,46798.0,49252.15816649437
2014-11-01,Europa,52423.0,55326.229229151526
2014-12-01,Europa,96984.0,64315.69400127593
2015-01-01,Europa,32964.0,68261.14576239994
2015-02-01,Europa,50953.0,56805.12601362234
2015-03-01,Europa,51426.0,51242.01872367589
2015-04-01,Europa,40143.0,51564.15911119697
2015-05-01,Europa,32477.0,45212.18094235703
2015-06-01,Europa,31322.0,46118.16560232021
2015-07-01,Europa,43407.0,40567.223959445175
2015-08-01,Europa,35643.0,37689.420875006166
2015-09-01,Europa,22087.0,35181.296242553224
2015-10-01,Europa,46949.0,42697.73651455169
2015-11-01,Europa,54587.0,42643.432597414
2015-12-01,Europa,63033.0,53733.36649503584
2016-01-01,Europa,45171.0,46854.436372281045
2016-02-01,Europa,51830.0,54693.833810816286
2016-03-01,Europa,48969.0,52116.22650064014
2016-04-01,Europa,36430.0,44273.807378274825
2016-05-01,Europa,27121.0,31423.84593280845
2016-06-01,Europa,25238.0,36980.65076486627
2016-07-01,Europa,48738.0,39799.80903715496
2016-08-01,Europa,67697.0,41800.18427941279
2016-09-01,Europa,38230.0,41273.00269114911
2016-10-01,Europa,35873.0,43842.574662553954
2016-11-01,Europa,33134.0,40415.08957725148
2016-12-01,Europa,40753.0,54167.39378353795
2017-01-01,Europa,43820.0,46432.24846266252
2017-02-01,Europa,45190.0,51465.17816112644
2017-03-01,Europa,40193.0,43220.07816560971
2017-04-01,Europa,33702.0,29595.16571005398
2017-05-01,Europa,26028.0,24650.391488315778
2017-06-01,Europa,21427.0,31141.11721498588
2017-07-01,Europa,31436.0,39315.5980511997
2017-08-01,Europa,29049.0,34508.23001470006
2017-09-01,Europa,29741.0,20032.3147667211
2017-10-01,Europa,33786.0,31372.74026918325
2017-11-01,Europa,37937.0,36811.889714495
2017-12-01,Europa,46315.0,45638.655763614246
2018-01-01,Europa,29730.0,41060.669097916194
2018-02-01,Europa,39295.0,37189.7288269584
2018-03-01,Europa,38510.0,36674.72339654102
2018-04-01,Europa,25194.0,33020.80853722391
2018-05-01,Europa,18823.0,23761.4442168064
2018-06-01,Europa,17088.0,20217.591060710147
2018-07-01,Europa,25402.0,26346.26485642463
2018-08-01,Europa,28843.0,28963.31157249575
2018-09-01,Europa,22842.0,24072.6794171232
2018-10-01,Europa,28195.0,28814.41666782184
2018-11-01,Europa,33603.0,26853.095772266257
2018-12-01,Europa,42942.0,34455.77771481114
2019-01-01,Europa,29149.0,35911.395935372886
2019-02-01,Europa,40042.0,38472.059666765694
2019-03-01,Europa,40812.0,37143.53121333984
2019-04-01,Europa,31855.0,28668.25550005703
2019-05-01,Europa,20872.0,20272.762314705476
2019-06-01,Europa,18928.0,20923.487487454408
2019-07-01,Europa,27625.0,29260.66924827788
2019-08-01,Europa,30665.0,29597.032716426103
2019-09-01,Europa,23445.0,24215.4391237028
2019-10-01,Europa,28330.0,27717.938601288755
2019-11-01,Europa,32536.0,29120.254851444974
2019-12-01,Europa,38906.0,39456.05322094986
2020-01-01,Europa,30215.0,36713.698474639416
2020-02-01,Europa,48777.0,38184.346555257565
2020-03-01,Europa,36841.81655141262,38196.641694261096
2020-04-01,Europa,28961.83076334924,28534.3353186421
2020-05-01,Europa,21568.17105541717,21208.367944045815
2020-06-01,Europa,22918.7678401371,23340.430450224725
2020-07-01,Europa,30161.136145242945,30683.021233465755
2020-08-01,Europa,29935.654519584983,29899.676990220407
2020-09-01,Europa,22714.9927553706,22967.839841805795
2020-10-01,Europa,29000.295826173,28615.17037608467
2020-11-01,Europa,31376.77440184761,31497.07587144729
2020-12-01,Europa,38951.60223278785,39749.541850850415
2021-01-01,Europa,36238.454296773474,36050.10113239093
2021-02-01,Europa,39869.66140756896,40331.95919495373
2021-03-01,Europa,36841.81655141262,36915.33574024055
2021-04-01,Europa,28961.83076334924,29807.4898720411
2021-05-01,Europa,21568.17105541717,22059.894226676268
2021-06-01,Europa,22918.7678401371,22951.62120017893
2021-07-01,Europa,30161.136145242945,29371.182311453453
2021-08-01,Europa,29935.654519584983,29229.9972645025
2021-09-01,Europa,22714.9927553706,23599.491191729365
2021-10-01,Europa,29000.295826173,29278.566517562827
2021-11-01,Europa,31376.77440184761,30463.513182137387
2021-12-01,Europa,38951.60223278785,37993.05544028061
2022-01-01,Europa,36238.454296773474,36677.13177586533
2022-02-01,Europa,39869.66140756896,40885.15680815864
2022-03-01,Europa,36841.81655141262,37001.55820773212
2022-04-01,Europa,28961.83076334924,29184.275445415227
2022-05-01,Europa,21568.17105541717,21386.51564236082
2022-06-01,Europa,22918.7678401371,23178.91736435308
2022-07-01,Europa,30161.136145242945,30158.10342751466
2022-08-01,Europa,29935.654519584983,29628.530036647284
2022-09-01,Europa,22714.9927553706,23309.81140156018
2022-10-01,Europa,29000.295826173,28686.611185730664
2022-11-01,Europa,31376.77440184761,29986.001273083413
2022-12-01,Europa,38951.60223278785,38407.12371283994
2023-01-01,Europa,36238.454296773474,37905.86765688587
2023-02-01,Europa,39869.66140756896,39499.91759759454
2023-03-01,Europa,36841.81655141262,36688.46155860366
2023-04-01,Europa,28961.83076334924,29052.82982048147
2023-05-01,Europa,21568.17105541717,21712.2606425383
2023-06-01,Europa,12348.0,23581.941331783662
2023-07-01,Europa,18583.0,27182.102871673236
2023-08-01,Europa,20349.0,24442.68339283441
2023-09-01,Europa,16368.0,17967.921386383594
2023-10-01,Europa,22743.0,24001.84440699112
2023-11-01,Europa,27200.0,24582.751362225128
2023-12-01,Europa,32954.0,32363.906289871487
